scenario,calibration_mode,domain,domain_label,route,route_label,mean_licensed_discovery_utility,mean_cost_normalized_utility,mean_overclaim_rate,mean_evaluator_strength,goal_clarity,route_domain_applicability,licensed_ordering_available,rank,scenario_label,mean_claim_gap,mean_overclaim_gap,mean_claim_calibration_accuracy
base_model_plus_evaluator_scaling,imperfect,biology,Biology,hybrid_calibrated_loop,Hybrid-Cal loop,0.1171170755455728,0.23047751527558624,0.019996411382590718,0.8728681070374217,0.58,0.8599999999999998,1.0,1,Base model plus evaluator scaling,0.0,0.0,1.0
base_model_plus_evaluator_scaling,imperfect,biology,Biology,multi_agent_coscientist,Multi-agent co-scientist,0.06733262806240695,0.1614543599940246,0.11170172620473093,0.6726071762455875,0.58,0.9000000000000001,1.0,2,Base model plus evaluator scaling,0.007769334402979056,0.0,0.6839791411547667
base_model_plus_evaluator_scaling,imperfect,biology,Biology,specialized_foundation_model,Specialized foundation model,0.06333307444720518,0.1202986635231297,0.0367572125240115,0.7332028236970202,0.58,0.8200000000000001,1.0,3,Base model plus evaluator scaling,0.0,0.0,1.0
base_model_plus_evaluator_scaling,imperfect,biology,Biology,self_driving_laboratory,Self-driving laboratory,0.04607158437782709,0.06048684027808391,0.030546894862384988,0.9092421534566583,0.58,0.8400000000000001,1.0,4,Base model plus evaluator scaling,0.0,0.0,1.0
base_model_plus_evaluator_scaling,imperfect,biology,Biology,algorithmic_math_agent,Algorithmic and mathematical discovery agent,0.03246975399728661,0.1227219294278498,0.020395256018274698,0.9788341103802388,0.58,0.2200000000000001,1.0,5,Base model plus evaluator scaling,0.0,0.0,1.0
base_model_plus_evaluator_scaling,imperfect,biology,Biology,llm_research_assistant,Human-led LLM assistant,0.024738208442680355,0.08061084553122896,0.11798534908007367,0.6116867250157003,0.58,0.7799999999999999,1.0,6,Base model plus evaluator scaling,0.016443722678993612,0.2,0.5603230621584363
base_model_plus_evaluator_scaling,imperfect,biology,Biology,ai_scientist_pipeline,End-to-end AI scientist pipeline,0.013936804449286928,0.040958254406345464,0.15608648189855012,0.5950060635517034,0.58,0.5999999999999999,1.0,7,Base model plus evaluator scaling,0.10160479618557583,0.7,0.46178374763792734
base_model_plus_evaluator_scaling,imperfect,chemistry,Chemistry,hybrid_calibrated_loop,Hybrid-Cal loop,0.14529049226168297,0.2749697580899966,0.019908094258243046,0.8930371348394928,0.66,0.8400000000000001,1.0,1,Base model plus evaluator scaling,0.0,0.0,1.0
base_model_plus_evaluator_scaling,imperfect,chemistry,Chemistry,multi_agent_coscientist,Multi-agent co-scientist,0.09989783137931976,0.2309003949473957,0.06599922484634153,0.6923167104514147,0.66,0.7200000000000001,1.0,2,Base model plus evaluator scaling,0.0006114447495896823,0.0,0.9633896123503879
base_model_plus_evaluator_scaling,imperfect,chemistry,Chemistry,specialized_foundation_model,Specialized foundation model,0.07562345653398204,0.1391179492111798,0.03648799444031179,0.7528308559070296,0.66,0.7400000000000001,1.0,3,Base model plus evaluator scaling,0.0,0.0,1.0
base_model_plus_evaluator_scaling,imperfect,chemistry,Chemistry,self_driving_laboratory,Self-driving laboratory,0.06790888489998763,0.08336294242113332,0.030381415234168114,0.9289201985010542,0.66,0.9399999999999997,1.0,4,Base model plus evaluator scaling,0.0,0.0,1.0
base_model_plus_evaluator_scaling,imperfect,chemistry,Chemistry,llm_research_assistant,Human-led LLM assistant,0.04990194220590348,0.15989844543042586,0.08127512113218002,0.6314223313287295,0.66,0.6199999999999999,1.0,5,Base model plus evaluator scaling,0.0028580417583195647,0.0,0.8400964671633062
base_model_plus_evaluator_scaling,imperfect,chemistry,Chemistry,algorithmic_math_agent,Algorithmic and mathematical discovery agent,0.046063452026241916,0.1737815940521342,0.019375751544484947,0.9893383047393829,0.66,0.25,1.0,6,Base model plus evaluator scaling,0.0,0.0,1.0
base_model_plus_evaluator_scaling,imperfect,chemistry,Chemistry,ai_scientist_pipeline,End-to-end AI scientist pipeline,0.02939677503472298,0.08271047116060623,0.1542635418690077,0.6149679326324157,0.66,0.5,1.0,7,Base model plus evaluator scaling,0.0661560124502146,0.8,0.4639784198034043
base_model_plus_evaluator_scaling,imperfect,machine_learning,Machine learning,hybrid_calibrated_loop,Hybrid-Cal loop,0.16370359142484775,0.433451779633108,0.01920231318186275,0.9326750258551366,0.8200000000000001,0.8200000000000001,1.0,1,Base model plus evaluator scaling,0.0,0.0,1.0
base_model_plus_evaluator_scaling,imperfect,machine_learning,Machine learning,algorithmic_math_agent,Algorithmic and mathematical discovery agent,0.15911062994802144,0.607273969802523,0.015836863957132068,0.9991335537146104,0.8200000000000001,0.7799999999999999,1.0,2,Base model plus evaluator scaling,0.0,0.0,1.0
base_model_plus_evaluator_scaling,imperfect,machine_learning,Machine learning,multi_agent_coscientist,Multi-agent co-scientist,0.1184482723305357,0.3333516439182158,0.05078436971812846,0.7319007440042404,0.8200000000000001,0.66,1.0,3,Base model plus evaluator scaling,0.0,0.0,1.0
base_model_plus_evaluator_scaling,imperfect,machine_learning,Machine learning,ai_scientist_pipeline,End-to-end AI scientist pipeline,0.11813735125624047,0.3819760598215608,0.08523970585474142,0.654179288564199,0.8200000000000001,0.8599999999999998,1.0,4,Base model plus evaluator scaling,0.0042717774317313495,0.0,0.8606857068804642
base_model_plus_evaluator_scaling,imperfect,machine_learning,Machine learning,llm_research_assistant,Human-led LLM assistant,0.08668370260113127,0.31247280328717003,0.057242993808531685,0.6710619131996985,0.8200000000000001,0.7200000000000001,1.0,5,Base model plus evaluator scaling,0.0,0.0,1.0
base_model_plus_evaluator_scaling,imperfect,machine_learning,Machine learning,specialized_foundation_model,Specialized foundation model,0.0758122844660691,0.18210075491323424,0.03606272801283217,0.7928602642676951,0.8200000000000001,0.6199999999999999,1.0,6,Base model plus evaluator scaling,0.0,0.0,1.0
base_model_plus_evaluator_scaling,imperfect,machine_learning,Machine learning,self_driving_laboratory,Self-driving laboratory,0.01723010689332995,0.040857992210723504,0.028642820880997226,0.9684088286420511,0.8200000000000001,0.20000000000000004,1.0,7,Base model plus evaluator scaling,0.0,0.0,1.0
base_model_plus_evaluator_scaling,imperfect,materials,Materials,hybrid_calibrated_loop,Hybrid-Cal loop,0.16207002740628448,0.33544249367779244,0.019832994557013407,0.8995497558890259,0.7200000000000001,0.8599999999999998,1.0,1,Base model plus evaluator scaling,0.0,0.0,1.0
base_model_plus_evaluator_scaling,imperfect,materials,Materials,multi_agent_coscientist,Multi-agent co-scientist,0.11380863814184825,0.27757180789242597,0.06019331509913102,0.6989403935907789,0.7200000000000001,0.7200000000000001,1.0,2,Base model plus evaluator scaling,0.00014061835028487637,0.0,0.9888011772579264
base_model_plus_evaluator_scaling,imperfect,materials,Materials,specialized_foundation_model,Specialized foundation model,0.09941720831288745,0.19669645835149427,0.03630743002495953,0.7597844209818326,0.7200000000000001,0.8800000000000004,1.0,3,Base model plus evaluator scaling,0.0,0.0,1.0
base_model_plus_evaluator_scaling,imperfect,materials,Materials,self_driving_laboratory,Self-driving laboratory,0.07334143329686829,0.10522211286811176,0.030184071218404836,0.9357445254166205,0.7200000000000001,0.9200000000000002,1.0,4,Base model plus evaluator scaling,0.0,0.0,1.0
base_model_plus_evaluator_scaling,imperfect,materials,Materials,algorithmic_math_agent,Algorithmic and mathematical discovery agent,0.06791506085810736,0.25712646840321174,0.01850428896571296,0.9922831271328227,0.7200000000000001,0.3399999999999999,1.0,5,Base model plus evaluator scaling,0.0,0.0,1.0
base_model_plus_evaluator_scaling,imperfect,materials,Materials,llm_research_assistant,Human-led LLM assistant,0.06036628048765937,0.19971536934939899,0.06731577387890328,0.638231866165196,0.7200000000000001,0.5999999999999999,1.0,6,Base model plus evaluator scaling,0.0009299313049424912,0.0,0.9361486052830752
base_model_plus_evaluator_scaling,imperfect,materials,Materials,ai_scientist_pipeline,End-to-end AI scientist pipeline,0.041545742851246306,0.1210470742753911,0.15334929438319428,0.6212836300453694,0.7200000000000001,0.5600000000000003,1.0,7,Base model plus evaluator scaling,0.049780570110921435,0.4,0.46464401133389704
base_model_plus_evaluator_scaling,imperfect,mathematics_algorithms,Mathematics and algorithms,algorithmic_math_agent,Algorithmic and mathematical discovery agent,0.27863451708706044,1.0696518924535452,0.01126969974402033,1.0,0.9499999999999996,0.9600000000000005,1.0,1,Base model plus evaluator scaling,0.0,0.0,1.0
base_model_plus_evaluator_scaling,imperfect,mathematics_algorithms,Mathematics and algorithms,hybrid_calibrated_loop,Hybrid-Cal loop,0.2531051981929957,0.836435882221975,0.012717066066828814,0.9911157974050443,0.9499999999999996,0.8200000000000001,1.0,2,Base model plus evaluator scaling,0.0,0.0,1.0
base_model_plus_evaluator_scaling,imperfect,mathematics_algorithms,Mathematics and algorithms,ai_scientist_pipeline,End-to-end AI scientist pipeline,0.1998655878460499,0.6832732651492034,0.04450748221243265,0.7326545700659952,0.9499999999999996,0.6999999999999998,1.0,3,Base model plus evaluator scaling,0.0,0.0,1.0
base_model_plus_evaluator_scaling,imperfect,mathematics_algorithms,Mathematics and algorithms,multi_agent_coscientist,Multi-agent co-scientist,0.17301514418772007,0.5469401817906111,0.03466842868515193,0.8105853940421296,0.9499999999999996,0.5499999999999999,1.0,4,Base model plus evaluator scaling,0.0,0.0,1.0
base_model_plus_evaluator_scaling,imperfect,mathematics_algorithms,Mathematics and algorithms,llm_research_assistant,Human-led LLM assistant,0.13193456749576027,0.5085667020914811,0.056147980844354586,0.7498403218079004,0.9499999999999996,0.5999999999999999,1.0,5,Base model plus evaluator scaling,0.0,0.0,1.0
base_model_plus_evaluator_scaling,imperfect,mathematics_algorithms,Mathematics and algorithms,specialized_foundation_model,Specialized foundation model,0.08552705213546592,0.24245161343975194,0.03489573343846829,0.8720133456672112,0.9499999999999996,0.42000000000000004,1.0,6,Base model plus evaluator scaling,0.0,0.0,1.0
base_model_plus_evaluator_scaling,imperfect,mathematics_algorithms,Mathematics and algorithms,self_driving_laboratory,Self-driving laboratory,0.0068455734514383205,0.030297093124317172,0.020331908984148342,0.9986938193781294,0.9499999999999996,0.05000000000000001,1.0,7,Base model plus evaluator scaling,0.0,0.0,1.0
base_model_plus_evaluator_scaling,imperfect,open_ended_problem_formulation,Open-ended problem formulation,hybrid_calibrated_loop,Hybrid-Cal loop,0.012146340225854865,0.028499604593533366,0.021181699444942644,0.7933273647673746,0.25,0.5999999999999999,0.0,,Base model plus evaluator scaling,0.0,0.0,1.0
base_model_plus_evaluator_scaling,imperfect,open_ended_problem_formulation,Open-ended problem formulation,algorithmic_math_agent,Algorithmic and mathematical discovery agent,0.008297002301892767,0.03165630572757868,0.02164723863615976,0.9087260894094229,0.25,0.3499999999999999,0.0,,Base model plus evaluator scaling,0.0,0.0,1.0
base_model_plus_evaluator_scaling,imperfect,open_ended_problem_formulation,Open-ended problem formulation,specialized_foundation_model,Specialized foundation model,0.00030016302688112704,0.0007256876605291143,0.037890463195465275,0.6530560287516111,0.25,0.45000000000000007,0.0,,Base model plus evaluator scaling,0.0,0.0,1.0
base_model_plus_evaluator_scaling,imperfect,open_ended_problem_formulation,Open-ended problem formulation,self_driving_laboratory,Self-driving laboratory,0.00027107205170803637,0.0005768946525586304,0.031173357624983015,0.8298476756549424,0.25,0.29999999999999993,0.0,,Base model plus evaluator scaling,0.0,0.0,1.0
base_model_plus_evaluator_scaling,imperfect,open_ended_problem_formulation,Open-ended problem formulation,multi_agent_coscientist,Multi-agent co-scientist,-0.02391132475880971,-0.062005571592771834,0.11361717006367247,0.5933837760488474,0.25,0.66,0.0,,Base model plus evaluator scaling,0.05977536551020609,0.1,0.5849865283615859
base_model_plus_evaluator_scaling,imperfect,open_ended_problem_formulation,Open-ended problem formulation,llm_research_assistant,Human-led LLM assistant,-0.028478560743690123,-0.097771136924755,0.10441725689269335,0.5325062169517356,0.25,0.7200000000000001,0.0,,Base model plus evaluator scaling,0.06621385323254958,0.0,0.5535318088336756
base_model_plus_evaluator_scaling,imperfect,open_ended_problem_formulation,Open-ended problem formulation,ai_scientist_pipeline,End-to-end AI scientist pipeline,-0.043170201045706305,-0.12907612952992795,0.1574429108972771,0.5162892395399847,0.25,0.58,0.0,,Base model plus evaluator scaling,0.18645121240231746,1.0,0.4552565746307965
base_model_scaling,imperfect,biology,Biology,hybrid_calibrated_loop,Hybrid-Cal loop,0.085654668076786,0.168275504085478,0.023008547364759165,0.6829700524625373,0.58,0.8599999999999998,1.0,1,Base model-only scaling,0.0,0.0,1.0
base_model_scaling,imperfect,biology,Biology,specialized_foundation_model,Specialized foundation model,0.044516082790752934,0.08450465238419405,0.03919742692990539,0.5889110427256931,0.58,0.8200000000000001,1.0,2,Base model-only scaling,0.0,0.0,1.0
base_model_scaling,imperfect,biology,Biology,self_driving_laboratory,Self-driving laboratory,0.030615536377879247,0.040095861960699496,0.03280720530794843,0.7139913635775171,0.58,0.8400000000000001,1.0,3,Base model-only scaling,0.0,0.0,1.0
base_model_scaling,imperfect,biology,Biology,multi_agent_coscientist,Multi-agent co-scientist,0.030473444060207903,0.07229238703690125,0.11822822341770364,0.5302603498337362,0.58,0.9000000000000001,1.0,4,Base model-only scaling,0.07174546040171134,0.1,0.5534769552028639
base_model_scaling,imperfect,biology,Biology,algorithmic_math_agent,Algorithmic and mathematical discovery agent,0.023645861238776607,0.08930168277037731,0.024036698966356004,0.7694385614356714,0.58,0.2200000000000001,1.0,5,Base model-only scaling,0.0,0.0,1.0
base_model_scaling,imperfect,biology,Biology,llm_research_assistant,Human-led LLM assistant,0.008078842680987117,0.026602753580584254,0.11055498738896283,0.4915660074572326,0.58,0.7799999999999999,1.0,6,Base model-only scaling,0.06827919749344445,0.0,0.5233500439392091
base_model_scaling,imperfect,biology,Biology,ai_scientist_pipeline,End-to-end AI scientist pipeline,-0.012463757686459942,-0.03389464433404334,0.16793911195511,0.4683711190600729,0.58,0.5999999999999999,1.0,7,Base model-only scaling,0.19262432877122881,1.0,0.42439303082141266
base_model_scaling,imperfect,chemistry,Chemistry,hybrid_calibrated_loop,Hybrid-Cal loop,0.1076022783083264,0.20333347866677878,0.022833250031773257,0.7009677967412751,0.66,0.8400000000000001,1.0,1,Base model-only scaling,0.0,0.0,1.0
base_model_scaling,imperfect,chemistry,Chemistry,specialized_foundation_model,Specialized foundation model,0.05494510468288929,0.10102167722683357,0.038959898820578834,0.6072999089709505,0.66,0.7400000000000001,1.0,2,Base model-only scaling,0.0,0.0,1.0
base_model_scaling,imperfect,chemistry,Chemistry,self_driving_laboratory,Self-driving laboratory,0.04691147574351473,0.05744026277305814,0.03258523555357419,0.7321529822510314,0.66,0.9399999999999997,1.0,3,Base model-only scaling,0.0,0.0,1.0
base_model_scaling,imperfect,chemistry,Chemistry,multi_agent_coscientist,Multi-agent co-scientist,0.04320419336378886,0.09965585445301213,0.12290445287636458,0.5483192940030786,0.66,0.7200000000000001,1.0,4,Base model-only scaling,0.05544287931922759,0.0,0.5547300805071609
base_model_scaling,imperfect,chemistry,Chemistry,algorithmic_math_agent,Algorithmic and mathematical discovery agent,0.03426859056927785,0.12920005003752866,0.023822615300652904,0.787961186049034,0.66,0.25,1.0,5,Base model-only scaling,0.0,0.0,1.0
base_model_scaling,imperfect,chemistry,Chemistry,llm_research_assistant,Human-led LLM assistant,0.018314324510960427,0.05869499059510116,0.11534438311410813,0.5098530302641284,0.66,0.6199999999999999,1.0,6,Base model-only scaling,0.051470850823912936,0.0,0.525219994163266
base_model_scaling,imperfect,chemistry,Chemistry,ai_scientist_pipeline,End-to-end AI scientist pipeline,0.0032711464635505013,0.010284202596218374,0.16750968577014705,0.486467469619444,0.66,0.5,1.0,7,Base model-only scaling,0.1635051727244102,1.0,0.42562287272256716
base_model_scaling,imperfect,machine_learning,Machine learning,algorithmic_math_agent,Algorithmic and mathematical discovery agent,0.12279369333181929,0.46852729612296573,0.023502369365978236,0.8249038990848598,0.8200000000000001,0.7799999999999999,1.0,1,Base model-only scaling,0.0,0.0,1.0
base_model_scaling,imperfect,machine_learning,Machine learning,hybrid_calibrated_loop,Hybrid-Cal loop,0.12271195537020585,0.3243607691653874,0.022416922466409903,0.7377117410414614,0.8200000000000001,0.8200000000000001,1.0,2,Base model-only scaling,0.0,0.0,1.0
base_model_scaling,imperfect,machine_learning,Machine learning,specialized_foundation_model,Specialized foundation model,0.05632515413371029,0.135213433837303,0.03847016450284929,0.6439861401640598,0.8200000000000001,0.6199999999999999,1.0,3,Base model-only scaling,0.0,0.0,1.0
base_model_scaling,imperfect,machine_learning,Machine learning,multi_agent_coscientist,Multi-agent co-scientist,0.05440911491080482,0.15342079756329002,0.1311733278053699,0.584838942510091,0.8200000000000001,0.66,1.0,4,Base model-only scaling,0.015626862432379693,0.1,0.5650976621465731
base_model_scaling,imperfect,machine_learning,Machine learning,ai_scientist_pipeline,End-to-end AI scientist pipeline,0.033897599880281445,0.10990197693690533,0.1624958656161158,0.5226548278760339,0.8200000000000001,0.8599999999999998,1.0,5,Base model-only scaling,0.08883703258369335,0.9,0.42921349413869747
base_model_scaling,imperfect,machine_learning,Machine learning,llm_research_assistant,Human-led LLM assistant,0.03297212659858273,0.11924299888540588,0.12596684140874384,0.5463594223292411,0.8200000000000001,0.7200000000000001,1.0,6,Base model-only scaling,0.014327231178372988,0.1,0.5282830980033721
base_model_scaling,imperfect,machine_learning,Machine learning,self_driving_laboratory,Self-driving laboratory,0.012153664122735924,0.028736697186014414,0.03221773097154228,0.7689750960590744,0.8200000000000001,0.20000000000000004,1.0,7,Base model-only scaling,0.0,0.0,1.0
base_model_scaling,imperfect,materials,Materials,hybrid_calibrated_loop,Hybrid-Cal loop,0.12065745807312474,0.24931179357186325,0.022774086460139953,0.7073364557512564,0.7200000000000001,0.8599999999999998,1.0,1,Base model-only scaling,0.0,0.0,1.0
base_model_scaling,imperfect,materials,Materials,specialized_foundation_model,Specialized foundation model,0.07280181921393332,0.1439583254715798,0.03889652649461572,0.6131401422005742,0.7200000000000001,0.8800000000000004,1.0,2,Base model-only scaling,0.0,0.0,1.0
base_model_scaling,imperfect,materials,Materials,multi_agent_coscientist,Multi-agent co-scientist,0.05130585953829621,0.12507834917106736,0.12514316419160043,0.5544472636207003,0.7200000000000001,0.7200000000000001,1.0,3,Base model-only scaling,0.04754158571162673,0.3,0.5550937437572105
base_model_scaling,imperfect,materials,Materials,self_driving_laboratory,Self-driving laboratory,0.05117765018129213,0.07324963697718219,0.03252626025021093,0.738230766599376,0.7200000000000001,0.9200000000000002,1.0,4,Base model-only scaling,0.0,0.0,1.0
base_model_scaling,imperfect,materials,Materials,algorithmic_math_agent,Algorithmic and mathematical discovery agent,0.050843785617893135,0.19236818812238704,0.023783569469530506,0.7941347690334573,0.7200000000000001,0.3399999999999999,1.0,5,Base model-only scaling,0.0,0.0,1.0
base_model_scaling,imperfect,materials,Materials,llm_research_assistant,Human-led LLM assistant,0.0226503061039025,0.07510238302937765,0.11758369035250897,0.5159242068535722,0.7200000000000001,0.5999999999999999,1.0,6,Base model-only scaling,0.04374622136212188,0.0,0.5255295374022236
base_model_scaling,imperfect,materials,Materials,ai_scientist_pipeline,End-to-end AI scientist pipeline,0.010586879446944662,0.03196029496151381,0.16668040755535735,0.4927420004972268,0.7200000000000001,0.5600000000000003,1.0,7,Base model-only scaling,0.14880591458129958,0.4,0.42658236987523557
base_model_scaling,imperfect,mathematics_algorithms,Mathematics and algorithms,algorithmic_math_agent,Algorithmic and mathematical discovery agent,0.2373274113981833,0.911076988866275,0.02094852945307214,0.8990658577771071,0.9499999999999996,0.9600000000000005,1.0,1,Base model-only scaling,0.0,0.0,1.0
base_model_scaling,imperfect,mathematics_algorithms,Mathematics and algorithms,hybrid_calibrated_loop,Hybrid-Cal loop,0.19652467681171557,0.6488520474436359,0.021495648300226832,0.8114075981061296,0.9499999999999996,0.8200000000000001,1.0,2,Base model-only scaling,0.0,0.0,1.0
base_model_scaling,imperfect,mathematics_algorithms,Mathematics and algorithms,ai_scientist_pipeline,End-to-end AI scientist pipeline,0.14586812857912915,0.5002940490507477,0.06501462963296306,0.5956509530032303,0.9499999999999996,0.6999999999999998,1.0,3,Base model-only scaling,0.0002502678396122348,0.0,0.9665220260488689
base_model_scaling,imperfect,mathematics_algorithms,Mathematics and algorithms,multi_agent_coscientist,Multi-agent co-scientist,0.1292231306894482,0.4082718202102587,0.05121926709653936,0.6578625580064683,0.9499999999999996,0.5499999999999999,1.0,4,Base model-only scaling,0.0,0.0,1.0
base_model_scaling,imperfect,mathematics_algorithms,Mathematics and algorithms,llm_research_assistant,Human-led LLM assistant,0.10081333789733286,0.3884756346512181,0.058212669562437,0.6197724638264045,0.9499999999999996,0.5999999999999999,1.0,5,Base model-only scaling,0.0,0.0,1.0
base_model_scaling,imperfect,mathematics_algorithms,Mathematics and algorithms,specialized_foundation_model,Specialized foundation model,0.06589042769673718,0.18669318662941053,0.03746091319168195,0.7172613866010702,0.9499999999999996,0.42000000000000004,1.0,6,Base model-only scaling,0.0,0.0,1.0
base_model_scaling,imperfect,mathematics_algorithms,Mathematics and algorithms,self_driving_laboratory,Self-driving laboratory,0.005226168559619226,0.023116710898100818,0.03141836899070426,0.8420893988559145,0.9499999999999996,0.05000000000000001,1.0,7,Base model-only scaling,0.0,0.0,1.0
base_model_scaling,imperfect,open_ended_problem_formulation,Open-ended problem formulation,hybrid_calibrated_loop,Hybrid-Cal loop,0.0063528435206042745,0.014891703250235764,0.023891728508510637,0.6086058490466097,0.25,0.5999999999999999,0.0,,Base model-only scaling,0.0,0.0,1.0
base_model_scaling,imperfect,open_ended_problem_formulation,Open-ended problem formulation,algorithmic_math_agent,Algorithmic and mathematical discovery agent,0.004408911718447994,0.016807165319670744,0.02498599967368007,0.694933775237096,0.25,0.3499999999999999,0.0,,Base model-only scaling,0.0,0.0,1.0
base_model_scaling,imperfect,open_ended_problem_formulation,Open-ended problem formulation,self_driving_laboratory,Self-driving laboratory,-0.0013492749342001813,-0.002374881415801021,0.033353571673625085,0.6401189703265802,0.25,0.29999999999999993,0.0,,Base model-only scaling,0.0,0.0,1.0
base_model_scaling,imperfect,open_ended_problem_formulation,Open-ended problem formulation,specialized_foundation_model,Specialized foundation model,-0.0036660926589245435,-0.007926091424944737,0.04415182899473568,0.5149394166310184,0.25,0.45000000000000007,0.0,,Base model-only scaling,0.0005602477388482093,0.0,0.9638377947644203
base_model_scaling,imperfect,open_ended_problem_formulation,Open-ended problem formulation,multi_agent_coscientist,Multi-agent co-scientist,-0.028863591859133824,-0.07500604614523361,0.10573575959524757,0.45692710298610956,0.25,0.66,0.0,,Base model-only scaling,0.11955448997036486,0.1,0.5469626359482633
base_model_scaling,imperfect,open_ended_problem_formulation,Open-ended problem formulation,llm_research_assistant,Human-led LLM assistant,-0.031804620461338105,-0.10925219411639239,0.09824917588255817,0.41831030865762797,0.25,0.7200000000000001,0.0,,Base model-only scaling,0.11547686869850038,0.8,0.5163064177397965
base_model_scaling,imperfect,open_ended_problem_formulation,Open-ended problem formulation,ai_scientist_pipeline,End-to-end AI scientist pipeline,-0.05234893249799394,-0.15701999584582899,0.1603162708004146,0.3953236048323143,0.25,0.58,0.0,,Base model-only scaling,0.24542366027172427,0.8,0.41795659878261093
calibration_governance,imperfect,biology,Biology,hybrid_calibrated_loop,Hybrid-Cal loop,0.1094451457772577,0.21488307752474434,1.8818576999972482e-06,0.7568360512962675,0.58,0.8599999999999998,1.0,1,Calibration governance,0.0,0.0,1.0
calibration_governance,imperfect,biology,Biology,multi_agent_coscientist,Multi-agent co-scientist,0.09691943991394869,0.22827784578562005,0.034325708198863554,0.5966554730880832,0.58,0.9000000000000001,1.0,2,Calibration governance,0.0,0.0,1.0
calibration_governance,imperfect,biology,Biology,specialized_foundation_model,Specialized foundation model,0.06886465320024408,0.13062046578915787,0.007235354000687097,0.6578816922977473,0.58,0.8200000000000001,1.0,3,Calibration governance,0.0,0.0,1.0
calibration_governance,imperfect,biology,Biology,llm_research_assistant,Human-led LLM assistant,0.05991585526187598,0.19382007703918788,0.02792309044505779,0.5557262205612529,0.58,0.7799999999999999,1.0,4,Calibration governance,0.0,0.0,1.0
calibration_governance,imperfect,biology,Biology,self_driving_laboratory,Self-driving laboratory,0.04958908449329514,0.06475165201459862,0.0012985141388536041,0.789236680460397,0.58,0.8400000000000001,1.0,5,Calibration governance,0.0,0.0,1.0
calibration_governance,imperfect,biology,Biology,algorithmic_math_agent,Algorithmic and mathematical discovery agent,0.030141485072274814,0.11378838849807278,1.2519693269075623e-06,0.8480201135124507,0.58,0.2200000000000001,1.0,6,Calibration governance,0.0,0.0,1.0
calibration_governance,imperfect,biology,Biology,ai_scientist_pipeline,End-to-end AI scientist pipeline,0.02589074190955242,0.07329862193170333,0.11006455809363928,0.531513276990176,0.58,0.5999999999999999,1.0,7,Calibration governance,0.053710530335572146,0.2,0.5534316160881031
calibration_governance,imperfect,chemistry,Chemistry,hybrid_calibrated_loop,Hybrid-Cal loop,0.1339635464193628,0.2530006577696439,3.323270555784956e-06,0.7758643147900244,0.66,0.8400000000000001,1.0,1,Calibration governance,0.0,0.0,1.0
calibration_governance,imperfect,chemistry,Chemistry,multi_agent_coscientist,Multi-agent co-scientist,0.10236094847353068,0.23519407936434264,0.033952059078466705,0.6155523591110248,0.66,0.7200000000000001,1.0,2,Calibration governance,0.0,0.0,1.0
calibration_governance,imperfect,chemistry,Chemistry,specialized_foundation_model,Specialized foundation model,0.07927158521260194,0.14565086224881874,0.007028306220918672,0.677064150013867,0.66,0.7400000000000001,1.0,3,Calibration governance,0.0,0.0,1.0
calibration_governance,imperfect,chemistry,Chemistry,self_driving_laboratory,Self-driving laboratory,0.0700611346978016,0.08560158828380274,0.001146659428585059,0.8086337220572645,0.66,0.9399999999999997,1.0,4,Calibration governance,0.0,0.0,1.0
calibration_governance,imperfect,chemistry,Chemistry,llm_research_assistant,Human-led LLM assistant,0.06388462059317285,0.20341430066618202,0.027737096034638538,0.5752562578568406,0.66,0.6199999999999999,1.0,5,Calibration governance,0.0,0.0,1.0
calibration_governance,imperfect,chemistry,Chemistry,algorithmic_math_agent,Algorithmic and mathematical discovery agent,0.04269535093197305,0.16091720687055208,1.2611110864213344e-06,0.8672029517099048,0.66,0.25,1.0,6,Calibration governance,0.0,0.0,1.0
calibration_governance,imperfect,chemistry,Chemistry,ai_scientist_pipeline,End-to-end AI scientist pipeline,0.03592014983794785,0.09965673050887644,0.11501893453840265,0.5507160158297995,0.66,0.5,1.0,7,Calibration governance,0.03631469982263293,0.0,0.555083517314641
calibration_governance,imperfect,machine_learning,Machine learning,algorithmic_math_agent,Algorithmic and mathematical discovery agent,0.1507739076371836,0.5751263054722741,1.5572183646690754e-06,0.9061518270662319,0.8200000000000001,0.7799999999999999,1.0,1,Calibration governance,0.0,0.0,1.0
calibration_governance,imperfect,machine_learning,Machine learning,hybrid_calibrated_loop,Hybrid-Cal loop,0.1498456674994096,0.3959480646226322,2.46164733004221e-06,0.8144811660318112,0.8200000000000001,0.8200000000000001,1.0,2,Calibration governance,0.0,0.0,1.0
calibration_governance,imperfect,machine_learning,Machine learning,multi_agent_coscientist,Multi-agent co-scientist,0.11330377578847832,0.317980301603183,0.033418011843110426,0.6542047404760181,0.8200000000000001,0.66,1.0,3,Calibration governance,0.0,0.0,1.0
calibration_governance,imperfect,machine_learning,Machine learning,ai_scientist_pipeline,End-to-end AI scientist pipeline,0.10940775600158428,0.34669432264674005,0.07793308400398904,0.589043925529522,0.8200000000000001,0.8599999999999998,1.0,4,Calibration governance,0.002196967263124451,0.0,0.8732929033081049
calibration_governance,imperfect,machine_learning,Machine learning,llm_research_assistant,Human-led LLM assistant,0.09169476586808531,0.3301507497535928,0.02726783879162008,0.6136361646624039,0.8200000000000001,0.7200000000000001,1.0,5,Calibration governance,0.0,0.0,1.0
calibration_governance,imperfect,machine_learning,Machine learning,specialized_foundation_model,Specialized foundation model,0.07785622219678377,0.18681050786128142,0.006496740144488919,0.7159200290341339,0.8200000000000001,0.6199999999999999,1.0,6,Calibration governance,0.0,0.0,1.0
calibration_governance,imperfect,machine_learning,Machine learning,self_driving_laboratory,Self-driving laboratory,0.017290931955065928,0.04081426903186411,0.0010054896045024195,0.8472689111476767,0.8200000000000001,0.20000000000000004,1.0,7,Calibration governance,0.0,0.0,1.0
calibration_governance,imperfect,materials,Materials,hybrid_calibrated_loop,Hybrid-Cal loop,0.14887913177972995,0.3074844306164154,4.6638786791415594e-07,0.7822820241100733,0.7200000000000001,0.8599999999999998,1.0,1,Calibration governance,0.0,0.0,1.0
calibration_governance,imperfect,materials,Materials,multi_agent_coscientist,Multi-agent co-scientist,0.11306386622052222,0.2747212673529954,0.03389064875415419,0.6221942556637838,0.7200000000000001,0.7200000000000001,1.0,2,Calibration governance,0.0,0.0,1.0
calibration_governance,imperfect,materials,Materials,specialized_foundation_model,Specialized foundation model,0.10298134177957638,0.2035220634149276,0.006903402640920674,0.6836262892688405,0.7200000000000001,0.8800000000000004,1.0,3,Calibration governance,0.0,0.0,1.0
calibration_governance,imperfect,materials,Materials,self_driving_laboratory,Self-driving laboratory,0.07465638689275803,0.10663949746374976,0.0011276660716467448,0.8150756513444698,0.7200000000000001,0.9200000000000002,1.0,4,Calibration governance,0.0,0.0,1.0
calibration_governance,imperfect,materials,Materials,llm_research_assistant,Human-led LLM assistant,0.06867256502578611,0.22653269248235075,0.02768325737153679,0.5817633497711483,0.7200000000000001,0.5999999999999999,1.0,5,Calibration governance,0.0,0.0,1.0
calibration_governance,imperfect,materials,Materials,algorithmic_math_agent,Algorithmic and mathematical discovery agent,0.06289548161864422,0.23789679023590438,1.517561520482113e-06,0.8734484395722475,0.7200000000000001,0.3399999999999999,1.0,6,Calibration governance,0.0,0.0,1.0
calibration_governance,imperfect,materials,Materials,ai_scientist_pipeline,End-to-end AI scientist pipeline,0.04709285121789505,0.13576484986964082,0.117410971467283,0.5570352939338077,0.7200000000000001,0.5600000000000003,1.0,7,Calibration governance,0.028515688293855878,0.0,0.5555921040725191
calibration_governance,imperfect,mathematics_algorithms,Mathematics and algorithms,algorithmic_math_agent,Algorithmic and mathematical discovery agent,0.28108583467845805,1.0786172758234354,3.8462955697331217e-07,0.982688420098474,0.9499999999999996,0.9600000000000005,1.0,1,Calibration governance,0.0,0.0,1.0
calibration_governance,imperfect,mathematics_algorithms,Mathematics and algorithms,hybrid_calibrated_loop,Hybrid-Cal loop,0.23135675423529545,0.7635992180765063,6.725795422620682e-07,0.8918112157205684,0.9499999999999996,0.8200000000000001,1.0,2,Calibration governance,0.0,0.0,1.0
calibration_governance,imperfect,mathematics_algorithms,Mathematics and algorithms,ai_scientist_pipeline,End-to-end AI scientist pipeline,0.1809923066957429,0.6180407537228512,0.05166063943515668,0.6652564128466926,0.9499999999999996,0.6999999999999998,1.0,3,Calibration governance,0.0,0.0,1.0
calibration_governance,imperfect,mathematics_algorithms,Mathematics and algorithms,multi_agent_coscientist,Multi-agent co-scientist,0.1584350986850976,0.4999122621587474,0.03243574770130776,0.7303804564200137,0.9499999999999996,0.5499999999999999,1.0,4,Calibration governance,0.0,0.0,1.0
calibration_governance,imperfect,mathematics_algorithms,Mathematics and algorithms,llm_research_assistant,Human-led LLM assistant,0.13240248969559346,0.5099632606656502,0.026343543877548392,0.6901875750288932,0.9499999999999996,0.5999999999999999,1.0,5,Calibration governance,0.0,0.0,1.0
calibration_governance,imperfect,mathematics_algorithms,Mathematics and algorithms,specialized_foundation_model,Specialized foundation model,0.08432245688206481,0.23883364383532396,0.005570459302004132,0.7927595505560865,0.9499999999999996,0.42000000000000004,1.0,6,Calibration governance,0.0,0.0,1.0
calibration_governance,imperfect,mathematics_algorithms,Mathematics and algorithms,self_driving_laboratory,Self-driving laboratory,0.006786831141402676,0.02998966938664016,0.0007582509679894219,0.9240981832998028,0.9499999999999996,0.05000000000000001,1.0,7,Calibration governance,0.0,0.0,1.0
calibration_governance,imperfect,open_ended_problem_formulation,Open-ended problem formulation,hybrid_calibrated_loop,Hybrid-Cal loop,0.015565239586298208,0.036308935080391826,4.597429652180755e-06,0.678948650728578,0.25,0.5999999999999999,0.0,,Calibration governance,0.0,0.0,1.0
calibration_governance,imperfect,open_ended_problem_formulation,Open-ended problem formulation,algorithmic_math_agent,Algorithmic and mathematical discovery agent,0.00984299758905859,0.037401673721670796,1.3590412980676026e-05,0.7698606487522506,0.25,0.3499999999999999,0.0,,Calibration governance,0.0,0.0,1.0
calibration_governance,imperfect,open_ended_problem_formulation,Open-ended problem formulation,specialized_foundation_model,Specialized foundation model,0.005998644707924397,0.013071674668459054,0.00825919471700144,0.5800056199844333,0.25,0.45000000000000007,0.0,,Calibration governance,0.0,0.0,1.0
calibration_governance,imperfect,open_ended_problem_formulation,Open-ended problem formulation,self_driving_laboratory,Self-driving laboratory,0.003394741293819724,0.006117488936726735,0.001779616703246361,0.7117836882936757,0.25,0.29999999999999993,0.0,,Calibration governance,0.0,0.0,1.0
calibration_governance,imperfect,open_ended_problem_formulation,Open-ended problem formulation,multi_agent_coscientist,Multi-agent co-scientist,0.002975266428147421,0.00789375819113386,0.035853333842556144,0.519716608125112,0.25,0.66,0.0,,Calibration governance,7.626943458330136e-05,0.0,0.9947270520631653
calibration_governance,imperfect,open_ended_problem_formulation,Open-ended problem formulation,llm_research_assistant,Human-led LLM assistant,0.0009306126829752914,0.003363278769725689,0.029272349125716614,0.4790035926118204,0.25,0.7200000000000001,0.0,,Calibration governance,6.163865456740961e-05,0.0,0.9950217102439611
calibration_governance,imperfect,open_ended_problem_formulation,Open-ended problem formulation,ai_scientist_pipeline,End-to-end AI scientist pipeline,-0.02339530448533742,-0.07005250146167172,0.09729553800942159,0.45462881330794047,0.25,0.58,0.0,,Calibration governance,0.1042524955805239,0.0,0.5464246873409945
cheap_lab_future,imperfect,biology,Biology,hybrid_calibrated_loop,Hybrid-Cal loop,0.10334406487690259,0.24349282107842848,0.021340903754425773,0.7970717181482267,0.58,0.8599999999999998,1.0,1,Cheap laboratory future,0.0,0.0,1.0
cheap_lab_future,imperfect,biology,Biology,specialized_foundation_model,Specialized foundation model,0.057457806252669295,0.12596978415033383,0.037453892119167526,0.6953538790997129,0.58,0.8200000000000001,1.0,2,Cheap laboratory future,0.0,0.0,1.0
cheap_lab_future,imperfect,biology,Biology,multi_agent_coscientist,Multi-agent co-scientist,0.050341204476314724,0.1326163797057097,0.12377650256840551,0.6324631421595092,0.58,0.9000000000000001,1.0,3,Cheap laboratory future,0.02519015951361044,0.1,0.5887602025584547
cheap_lab_future,imperfect,biology,Biology,self_driving_laboratory,Self-driving laboratory,0.039384226848273654,0.07370075869168768,0.03141954876923646,0.8301409180088226,0.58,0.8400000000000001,1.0,4,Cheap laboratory future,0.0,0.0,1.0
cheap_lab_future,imperfect,biology,Biology,algorithmic_math_agent,Algorithmic and mathematical discovery agent,0.028403010892077696,0.1079387256253049,0.022192574949784563,0.8909118943894944,0.58,0.2200000000000001,1.0,5,Cheap laboratory future,0.0,0.0,1.0
cheap_lab_future,imperfect,biology,Biology,llm_research_assistant,Human-led LLM assistant,0.02105413597450926,0.07324932328435539,0.11638400637767998,0.5906862359740093,0.58,0.7799999999999999,1.0,6,Cheap laboratory future,0.023901365121436573,0.0,0.5584799376220759
cheap_lab_future,imperfect,biology,Biology,ai_scientist_pipeline,End-to-end AI scientist pipeline,0.0075314106645926,0.02436323574031759,0.15856698088314475,0.5655470914606211,0.58,0.5999999999999999,1.0,7,Cheap laboratory future,0.12407545569565288,0.1,0.4592066526788323
cheap_lab_future,imperfect,chemistry,Chemistry,hybrid_calibrated_loop,Hybrid-Cal loop,0.12879266034194156,0.2918676046091365,0.02120631819810909,0.8166816408650307,0.66,0.8400000000000001,1.0,1,Cheap laboratory future,0.0,0.0,1.0
cheap_lab_future,imperfect,chemistry,Chemistry,specialized_foundation_model,Specialized foundation model,0.06918181739088305,0.14690649010904538,0.03715205012649414,0.715398890527463,0.66,0.7400000000000001,1.0,2,Cheap laboratory future,0.0,0.0,1.0
cheap_lab_future,imperfect,chemistry,Chemistry,multi_agent_coscientist,Multi-agent co-scientist,0.0664040972141937,0.1710389959407061,0.12062044343823979,0.6520706155261635,0.66,0.7200000000000001,1.0,3,Cheap laboratory future,0.006884674140108561,0.0,0.6372429226333555
cheap_lab_future,imperfect,chemistry,Chemistry,self_driving_laboratory,Self-driving laboratory,0.058918198918965395,0.10310582563705925,0.031133272119398602,0.8502532193023955,0.66,0.9399999999999997,1.0,4,Cheap laboratory future,0.0,0.0,1.0
cheap_lab_future,imperfect,chemistry,Chemistry,algorithmic_math_agent,Algorithmic and mathematical discovery agent,0.04087970745552174,0.15509675234533765,0.021864257252856935,0.9107404419281412,0.66,0.25,1.0,5,Cheap laboratory future,0.0,0.0,1.0
cheap_lab_future,imperfect,chemistry,Chemistry,llm_research_assistant,Human-led LLM assistant,0.03420940238933447,0.11672292599850757,0.1130105337771244,0.6104478118611439,0.66,0.6199999999999999,1.0,6,Cheap laboratory future,0.006627349320409699,0.1,0.616297847174031
cheap_lab_future,imperfect,chemistry,Chemistry,ai_scientist_pipeline,End-to-end AI scientist pipeline,0.022896499689683523,0.06934722048377163,0.15695497804268277,0.5851684662593499,0.66,0.5,1.0,7,Cheap laboratory future,0.08956818457366446,0.8,0.4609214426121374
cheap_lab_future,imperfect,machine_learning,Machine learning,algorithmic_math_agent,Algorithmic and mathematical discovery agent,0.14605650730506275,0.5608880838679758,0.020207453032781507,0.9506071229260866,0.8200000000000001,0.7799999999999999,1.0,1,Cheap laboratory future,0.0,0.0,1.0
cheap_lab_future,imperfect,machine_learning,Machine learning,hybrid_calibrated_loop,Hybrid-Cal loop,0.1458576108197933,0.4624179827880437,0.02062280912375032,0.8568089736490949,0.8200000000000001,0.8200000000000001,1.0,2,Cheap laboratory future,0.0,0.0,1.0
cheap_lab_future,imperfect,machine_learning,Machine learning,multi_agent_coscientist,Multi-agent co-scientist,0.10628657002160695,0.33281352801391756,0.056005325347410304,0.691502207035776,0.8200000000000001,0.66,1.0,3,Cheap laboratory future,0.0,0.0,1.0
cheap_lab_future,imperfect,machine_learning,Machine learning,ai_scientist_pipeline,End-to-end AI scientist pipeline,0.08255052805097504,0.2887071699512577,0.13082310759482502,0.6244348497096311,0.8200000000000001,0.8599999999999998,1.0,4,Cheap laboratory future,0.012948447571014649,0.0,0.6021655561761603
cheap_lab_future,imperfect,machine_learning,Machine learning,llm_research_assistant,Human-led LLM assistant,0.0807393712780451,0.3106992164596135,0.0576606558640453,0.6497549310896904,0.8200000000000001,0.7200000000000001,1.0,5,Cheap laboratory future,4.127196743344569e-06,0.0,0.9989712147603023
cheap_lab_future,imperfect,machine_learning,Machine learning,specialized_foundation_model,Specialized foundation model,0.0697106513953064,0.19328824792915048,0.03662086951945027,0.7549686879926097,0.8200000000000001,0.6199999999999999,1.0,6,Cheap laboratory future,0.0,0.0,1.0
cheap_lab_future,imperfect,machine_learning,Machine learning,self_driving_laboratory,Self-driving laboratory,0.01499774746330094,0.0506861465015216,0.030795009463037405,0.8901891569336732,0.8200000000000001,0.20000000000000004,1.0,7,Cheap laboratory future,0.0,0.0,1.0
cheap_lab_future,imperfect,materials,Materials,hybrid_calibrated_loop,Hybrid-Cal loop,0.14403266398300577,0.35693959707764195,0.020935026585479206,0.8232493704370937,0.7200000000000001,0.8599999999999998,1.0,1,Cheap laboratory future,0.0,0.0,1.0
cheap_lab_future,imperfect,materials,Materials,multi_agent_coscientist,Multi-agent co-scientist,0.09572353577856967,0.2606278111436045,0.07756709846954385,0.6583615376968311,0.7200000000000001,0.7200000000000001,1.0,2,Cheap laboratory future,0.0013781583693450203,0.0,0.9063669058967939
cheap_lab_future,imperfect,materials,Materials,specialized_foundation_model,Specialized foundation model,0.09111886010009493,0.2080965143563621,0.03703949752760197,0.7220828246524199,0.7200000000000001,0.8800000000000004,1.0,3,Cheap laboratory future,0.0,0.0,1.0
cheap_lab_future,imperfect,materials,Materials,self_driving_laboratory,Self-driving laboratory,0.06381079210439215,0.13053199129871068,0.03109834718959247,0.8570791003670204,0.7200000000000001,0.9200000000000002,1.0,4,Cheap laboratory future,0.0,0.0,1.0
cheap_lab_future,imperfect,materials,Materials,algorithmic_math_agent,Algorithmic and mathematical discovery agent,0.06048789690482505,0.23030981036954712,0.021805541732422988,0.917227121484055,0.7200000000000001,0.3399999999999999,1.0,5,Cheap laboratory future,0.0,0.0,1.0
cheap_lab_future,imperfect,materials,Materials,llm_research_assistant,Human-led LLM assistant,0.0518320010435396,0.18287867107859174,0.07892108134035165,0.6168819106383611,0.7200000000000001,0.5999999999999999,1.0,6,Cheap laboratory future,0.002273000807562798,0.0,0.8583575025204423
cheap_lab_future,imperfect,materials,Materials,ai_scientist_pipeline,End-to-end AI scientist pipeline,0.033852811862859225,0.10603942794135887,0.15599545548611043,0.5919338863854856,0.7200000000000001,0.5600000000000003,1.0,7,Cheap laboratory future,0.07315490725745472,1.0,0.46193615761445084
cheap_lab_future,imperfect,mathematics_algorithms,Mathematics and algorithms,algorithmic_math_agent,Algorithmic and mathematical discovery agent,0.2722801104182243,1.0520744401671815,0.012768795891804855,1.0,0.9499999999999996,0.9600000000000005,1.0,1,Cheap laboratory future,0.0,0.0,1.0
cheap_lab_future,imperfect,mathematics_algorithms,Mathematics and algorithms,hybrid_calibrated_loop,Hybrid-Cal loop,0.23115212641688693,0.9155464052587174,0.018153842656500257,0.9356378870735161,0.9499999999999996,0.8200000000000001,1.0,2,Cheap laboratory future,0.0,0.0,1.0
cheap_lab_future,imperfect,mathematics_algorithms,Mathematics and algorithms,ai_scientist_pipeline,End-to-end AI scientist pipeline,0.18528024918767755,0.6806113820833255,0.04858228755822387,0.7031761117317588,0.9499999999999996,0.6999999999999998,1.0,3,Cheap laboratory future,0.0,0.0,1.0
cheap_lab_future,imperfect,mathematics_algorithms,Mathematics and algorithms,multi_agent_coscientist,Multi-agent co-scientist,0.15839561272636365,0.5572334633939237,0.04021783175678897,0.7698469460209127,0.9499999999999996,0.5499999999999999,1.0,4,Cheap laboratory future,0.0,0.0,1.0
cheap_lab_future,imperfect,mathematics_algorithms,Mathematics and algorithms,llm_research_assistant,Human-led LLM assistant,0.12422975939546192,0.5113284815030086,0.05664965052922877,0.7286567221805195,0.9499999999999996,0.5999999999999999,1.0,5,Cheap laboratory future,0.0,0.0,1.0
cheap_lab_future,imperfect,mathematics_algorithms,Mathematics and algorithms,specialized_foundation_model,Specialized foundation model,0.07935768485253684,0.2597095344689648,0.0356259029879891,0.8343305495000559,0.9499999999999996,0.42000000000000004,1.0,6,Cheap laboratory future,0.0,0.0,1.0
cheap_lab_future,imperfect,mathematics_algorithms,Mathematics and algorithms,self_driving_laboratory,Self-driving laboratory,0.006386964876870729,0.04043305834507453,0.024254657668618233,0.9682753827782273,0.9499999999999996,0.05000000000000001,1.0,7,Cheap laboratory future,0.0,0.0,1.0
cheap_lab_future,imperfect,open_ended_problem_formulation,Open-ended problem formulation,hybrid_calibrated_loop,Hybrid-Cal loop,0.009603525835239133,0.026949090456525486,0.022344054031811857,0.7170348397023912,0.25,0.5999999999999999,0.0,,Cheap laboratory future,0.0,0.0,1.0
cheap_lab_future,imperfect,open_ended_problem_formulation,Open-ended problem formulation,algorithmic_math_agent,Algorithmic and mathematical discovery agent,0.006400361452104523,0.024523236779341238,0.02328820207230787,0.8107242331847064,0.25,0.3499999999999999,0.0,,Cheap laboratory future,0.0,0.0,1.0
cheap_lab_future,imperfect,open_ended_problem_formulation,Open-ended problem formulation,self_driving_laboratory,Self-driving laboratory,-0.0004402663039578189,-0.001060100575900247,0.03216832368461066,0.7506799312178468,0.25,0.29999999999999993,0.0,,Cheap laboratory future,0.0,0.0,1.0
cheap_lab_future,imperfect,open_ended_problem_formulation,Open-ended problem formulation,specialized_foundation_model,Specialized foundation model,-0.0005731054378206535,-0.0013867211119024223,0.03839842744930491,0.615278671671157,0.25,0.45000000000000007,0.0,,Cheap laboratory future,0.0,0.0,1.0
cheap_lab_future,imperfect,open_ended_problem_formulation,Open-ended problem formulation,multi_agent_coscientist,Multi-agent co-scientist,-0.025064815058906127,-0.07249761792127758,0.11035500372781545,0.5530150148923954,0.25,0.66,0.0,,Cheap laboratory future,0.07616881168907981,0.3,0.5818070870488957
cheap_lab_future,imperfect,open_ended_problem_formulation,Open-ended problem formulation,llm_research_assistant,Human-led LLM assistant,-0.028974743939045977,-0.10629924748168759,0.10300679998337267,0.5114440309216792,0.25,0.7200000000000001,0.0,,Cheap laboratory future,0.07394909485346887,0.0,0.5514093303153641
cheap_lab_future,imperfect,open_ended_problem_formulation,Open-ended problem formulation,ai_scientist_pipeline,End-to-end AI scientist pipeline,-0.04489633740269152,-0.14472640063660733,0.15744429041999425,0.4867218503853278,0.25,0.58,0.0,,Cheap laboratory future,0.20109598132342937,1.0,0.45230974613448377
evaluator_bottleneck,imperfect,biology,Biology,hybrid_calibrated_loop,Hybrid-Cal loop,0.05437175756656275,0.10692673738426377,0.040293678211283934,0.48446668009831706,0.58,0.8599999999999998,1.0,1,Evaluator bottleneck,5.539681387999275e-05,0.0,0.9974759225373184
evaluator_bottleneck,imperfect,biology,Biology,algorithmic_math_agent,Algorithmic and mathematical discovery agent,0.015310614094194309,0.057863059513095616,0.04156485481866543,0.5573139231109104,0.58,0.2200000000000001,1.0,2,Evaluator bottleneck,0.0,0.0,1.0
evaluator_bottleneck,imperfect,biology,Biology,specialized_foundation_model,Specialized foundation model,0.0031589933034188978,0.006187238369162918,0.09132670714693175,0.4053712807580663,0.58,0.8200000000000001,1.0,3,Evaluator bottleneck,0.06931358902755368,0.0,0.5950961346714008
evaluator_bottleneck,imperfect,biology,Biology,multi_agent_coscientist,Multi-agent co-scientist,-2.983711766058306e-05,0.0005318962144941675,0.11690605566267329,0.35602487694254953,0.58,0.9000000000000001,1.0,4,Evaluator bottleneck,0.19714906833473314,0.4,0.5376744190124091
evaluator_bottleneck,imperfect,biology,Biology,self_driving_laboratory,Self-driving laboratory,-0.003073281518460644,-0.0036870167385534953,0.08823840402367611,0.5107304906286882,0.58,0.8400000000000001,1.0,5,Evaluator bottleneck,0.011395196941294379,0.0,0.6584890085021239
evaluator_bottleneck,imperfect,biology,Biology,llm_research_assistant,Human-led LLM assistant,-0.013105508613477706,-0.04183077659672575,0.11111478512789623,0.32385005816589835,0.58,0.7799999999999999,1.0,6,Evaluator bottleneck,0.1893621538048812,0.9,0.50832770207646
evaluator_bottleneck,imperfect,biology,Biology,ai_scientist_pipeline,End-to-end AI scientist pipeline,-0.039662259048238925,-0.10999214261740478,0.17847434067003057,0.3040223253282154,0.58,0.5999999999999999,1.0,7,Evaluator bottleneck,0.3115812135136802,1.9,0.409863351475338
evaluator_bottleneck,imperfect,chemistry,Chemistry,hybrid_calibrated_loop,Hybrid-Cal loop,0.07187626595276246,0.13591686578195003,0.03989758650661711,0.49993103888291024,0.66,0.8400000000000001,1.0,1,Evaluator bottleneck,0.0,0.0,1.0
evaluator_bottleneck,imperfect,chemistry,Chemistry,algorithmic_math_agent,Algorithmic and mathematical discovery agent,0.02314003341499018,0.08729637283354015,0.041380449124639104,0.5731784042939446,0.66,0.25,1.0,2,Evaluator bottleneck,0.0,0.0,1.0
evaluator_bottleneck,imperfect,chemistry,Chemistry,self_driving_laboratory,Self-driving laboratory,0.01880429973455757,0.02312615098016835,0.06053634000865923,0.525900954820118,0.66,0.9399999999999997,1.0,3,Evaluator bottleneck,0.0019400744987006745,0.0,0.9074555155750753
evaluator_bottleneck,imperfect,chemistry,Chemistry,multi_agent_coscientist,Multi-agent co-scientist,0.01393033366395396,0.032481565458571435,0.12121603066846602,0.3713170891233592,0.66,0.7200000000000001,1.0,4,Evaluator bottleneck,0.1815452603718894,0.8,0.5391228579856969
evaluator_bottleneck,imperfect,chemistry,Chemistry,specialized_foundation_model,Specialized foundation model,0.012164774566936473,0.022525596796632654,0.09565376381251077,0.4207212078774081,0.66,0.7400000000000001,1.0,5,Evaluator bottleneck,0.055671950629660995,0.0,0.5960981038476486
evaluator_bottleneck,imperfect,chemistry,Chemistry,llm_research_assistant,Human-led LLM assistant,-0.001970771758333746,-0.0058310069110608705,0.11560137390421273,0.33911840044334995,0.66,0.6199999999999999,1.0,6,Evaluator bottleneck,0.17396009758437575,1.0,0.5097997860599428
evaluator_bottleneck,imperfect,chemistry,Chemistry,ai_scientist_pipeline,End-to-end AI scientist pipeline,-0.02204365505084945,-0.05949221187162568,0.17663874914101363,0.3192375791028351,0.66,0.5,1.0,7,Evaluator bottleneck,0.28209365849763823,1.2,0.41170006212717036
evaluator_bottleneck,imperfect,machine_learning,Machine learning,algorithmic_math_agent,Algorithmic and mathematical discovery agent,0.0848879452718355,0.32403832243591074,0.04089195957682161,0.6039393825017201,0.8200000000000001,0.7799999999999999,1.0,1,Evaluator bottleneck,0.0,0.0,1.0
evaluator_bottleneck,imperfect,machine_learning,Machine learning,hybrid_calibrated_loop,Hybrid-Cal loop,0.0843541128562035,0.2231234409103004,0.039521371055231014,0.5307454593745207,0.8200000000000001,0.8200000000000001,1.0,2,Evaluator bottleneck,0.0,0.0,1.0
evaluator_bottleneck,imperfect,machine_learning,Machine learning,multi_agent_coscientist,Multi-agent co-scientist,0.023568558681611635,0.06687769346786535,0.1294155266187012,0.4021285658537539,0.8200000000000001,0.66,1.0,3,Evaluator bottleneck,0.1423188478820801,0.4,0.5419288474376998
evaluator_bottleneck,imperfect,machine_learning,Machine learning,specialized_foundation_model,Specialized foundation model,0.015365030052444422,0.037072014909406335,0.10471472645000886,0.4518994949168329,0.8200000000000001,0.6199999999999999,1.0,4,Evaluator bottleneck,0.024586286228777704,0.1,0.5989354156877025
evaluator_bottleneck,imperfect,machine_learning,Machine learning,self_driving_laboratory,Self-driving laboratory,0.006860706646114556,0.016270173783128634,0.04865392028105842,0.5568129355217702,0.8200000000000001,0.20000000000000004,1.0,5,Evaluator bottleneck,7.947807538479131e-07,0.0,0.9997312854311355
evaluator_bottleneck,imperfect,machine_learning,Machine learning,llm_research_assistant,Human-led LLM assistant,0.005975484294509985,0.02212314388295937,0.12545028643354977,0.3699371409230632,0.8200000000000001,0.7200000000000001,1.0,6,Evaluator bottleneck,0.1382357213667778,0.0,0.5126313010881812
evaluator_bottleneck,imperfect,machine_learning,Machine learning,ai_scientist_pipeline,End-to-end AI scientist pipeline,-0.012986889770178322,-0.038328592627021915,0.1700744452697626,0.3498155323328538,0.8200000000000001,0.8599999999999998,1.0,7,Evaluator bottleneck,0.20791166103422695,1.0,0.4142378487775991
evaluator_bottleneck,imperfect,materials,Materials,hybrid_calibrated_loop,Hybrid-Cal loop,0.08184073217782853,0.16924944036939799,0.039785861987466906,0.5051882347662039,0.7200000000000001,0.8599999999999998,1.0,1,Evaluator bottleneck,0.0,0.0,1.0
evaluator_bottleneck,imperfect,materials,Materials,algorithmic_math_agent,Algorithmic and mathematical discovery agent,0.03474898993631165,0.13155219022857856,0.041279191557275385,0.5779535071660623,0.7200000000000001,0.3399999999999999,1.0,2,Evaluator bottleneck,0.0,0.0,1.0
evaluator_bottleneck,imperfect,materials,Materials,self_driving_laboratory,Self-driving laboratory,0.02527345959226802,0.03628710673731371,0.05430657299821123,0.5312435518367316,0.7200000000000001,0.9200000000000002,1.0,3,Evaluator bottleneck,0.0007821827757957718,0.0,0.958636869135197
evaluator_bottleneck,imperfect,materials,Materials,multi_agent_coscientist,Multi-agent co-scientist,0.019964838418471197,0.04900138939126571,0.1231629997164216,0.3766251636759054,0.7200000000000001,0.7200000000000001,1.0,4,Evaluator bottleneck,0.1742357554163872,0.9,0.5400124579932927
evaluator_bottleneck,imperfect,materials,Materials,specialized_foundation_model,Specialized foundation model,0.019210851755749984,0.03818833811272609,0.09767366023806827,0.4261703489916524,0.7200000000000001,0.8800000000000004,1.0,5,Evaluator bottleneck,0.04888700406672353,0.0,0.5968234704857011
evaluator_bottleneck,imperfect,materials,Materials,llm_research_assistant,Human-led LLM assistant,0.0016786468269103078,0.005994465343630834,0.11766125304929989,0.3443220879807378,0.7200000000000001,0.5999999999999999,1.0,6,Evaluator bottleneck,0.16625350204282335,1.0,0.5103972109335837
evaluator_bottleneck,imperfect,materials,Materials,ai_scientist_pipeline,End-to-end AI scientist pipeline,-0.0190977537443163,-0.05312196461607421,0.17540374392889385,0.3244356277032296,0.7200000000000001,0.5600000000000003,1.0,7,Evaluator bottleneck,0.26699663103610705,1.0,0.4122255626333999
evaluator_bottleneck,imperfect,mathematics_algorithms,Mathematics and algorithms,algorithmic_math_agent,Algorithmic and mathematical discovery agent,0.17087881227018706,0.6560924355365749,0.039675148808167235,0.6659958297246564,0.9499999999999996,0.9600000000000005,1.0,1,Evaluator bottleneck,0.0,0.0,1.0
evaluator_bottleneck,imperfect,mathematics_algorithms,Mathematics and algorithms,hybrid_calibrated_loop,Hybrid-Cal loop,0.1419154889119716,0.4687530607031376,0.03887243756013832,0.5924217756083201,0.9499999999999996,0.8200000000000001,1.0,2,Evaluator bottleneck,0.0,0.0,1.0
evaluator_bottleneck,imperfect,mathematics_algorithms,Mathematics and algorithms,multi_agent_coscientist,Multi-agent co-scientist,0.06318999345816673,0.20035683276265798,0.13195466856266033,0.4633578695410633,0.9499999999999996,0.5499999999999999,1.0,3,Evaluator bottleneck,0.046733931892975186,0.3,0.5471257958386405
evaluator_bottleneck,imperfect,mathematics_algorithms,Mathematics and algorithms,ai_scientist_pipeline,End-to-end AI scientist pipeline,0.05060752976087356,0.17492476820508396,0.16026698611298612,0.4107340814946644,0.9499999999999996,0.6999999999999998,1.0,4,Evaluator bottleneck,0.09534151840617913,0.9,0.4196011120913326
evaluator_bottleneck,imperfect,mathematics_algorithms,Mathematics and algorithms,specialized_foundation_model,Specialized foundation model,0.04362754393082464,0.12367926772026949,0.055901107040436084,0.5134955516709608,0.9499999999999996,0.42000000000000004,1.0,5,Evaluator bottleneck,5.85586110223039e-05,0.0,0.993825971766831
evaluator_bottleneck,imperfect,mathematics_algorithms,Mathematics and algorithms,llm_research_assistant,Human-led LLM assistant,0.036835068373461115,0.1424213691370399,0.14028400477675507,0.43094920116623114,0.9499999999999996,0.5999999999999999,1.0,6,Evaluator bottleneck,0.08437741240736688,0.6,0.5179440573919193
evaluator_bottleneck,imperfect,mathematics_algorithms,Mathematics and algorithms,self_driving_laboratory,Self-driving laboratory,0.0034167200487342916,0.015133270931055659,0.04816215454253634,0.6184517888898341,0.9499999999999996,0.05000000000000001,1.0,7,Evaluator bottleneck,0.0,0.0,1.0
evaluator_bottleneck,imperfect,open_ended_problem_formulation,Open-ended problem formulation,algorithmic_math_agent,Algorithmic and mathematical discovery agent,-0.0016143334441905597,-0.006048382245486861,0.04448540956909762,0.4946972793481129,0.25,0.3499999999999999,0.0,,Evaluator bottleneck,0.0003364523727512083,0.0,0.9811778205497147
evaluator_bottleneck,imperfect,open_ended_problem_formulation,Open-ended problem formulation,self_driving_laboratory,Self-driving laboratory,-0.008513560931376766,-0.015205077087374988,0.07564578504388508,0.4486548074490043,0.25,0.29999999999999993,0.0,,Evaluator bottleneck,0.05307213093732256,0.0,0.6515020263661329
evaluator_bottleneck,imperfect,open_ended_problem_formulation,Open-ended problem formulation,hybrid_calibrated_loop,Hybrid-Cal loop,-0.009165253094295406,-0.021190401489465716,0.05853061472887923,0.4223023183419138,0.25,0.5999999999999999,0.0,,Evaluator bottleneck,0.021084398849761772,0.0,0.7636323708748676
evaluator_bottleneck,imperfect,open_ended_problem_formulation,Open-ended problem formulation,specialized_foundation_model,Specialized foundation model,-0.015446364558645818,-0.03353278549174745,0.07951234104977453,0.3431765471607076,0.25,0.45000000000000007,0.0,,Evaluator bottleneck,0.11250597895285246,1.0,0.5894202679211913
evaluator_bottleneck,imperfect,open_ended_problem_formulation,Open-ended problem formulation,multi_agent_coscientist,Multi-agent co-scientist,-0.03749093994901177,-0.09752095971100697,0.10612746956042847,0.2946664166037836,0.25,0.66,0.0,,Evaluator bottleneck,0.24003665987186168,1.0,0.5322463365646926
evaluator_bottleneck,imperfect,open_ended_problem_formulation,Open-ended problem formulation,llm_research_assistant,Human-led LLM assistant,-0.03999052908895546,-0.13745102699219108,0.10034495738483132,0.2622466673401914,0.25,0.7200000000000001,0.0,,Evaluator bottleneck,0.23212019826346442,0.5,0.5031284238969229
evaluator_bottleneck,imperfect,open_ended_problem_formulation,Open-ended problem formulation,ai_scientist_pipeline,End-to-end AI scientist pipeline,-0.06835637667214485,-0.20518901631968425,0.17384860710230596,0.2428077857311181,0.25,0.58,0.0,,Evaluator bottleneck,0.36306189857185617,1.0,0.40456059847290665
goodhart_benchmark_environment,imperfect,biology,Biology,hybrid_calibrated_loop,Hybrid-Cal loop,0.028447809064518347,0.05641859956510078,0.09692477285424363,0.5214419426000172,0.58,0.8599999999999998,1.0,1,Goodhart benchmark environment,0.08749792288818332,0.0,0.7198254653889699
goodhart_benchmark_environment,imperfect,biology,Biology,algorithmic_math_agent,Algorithmic and mathematical discovery agent,0.01073022919511657,0.041398333458127955,0.08692742692343754,0.6004180358841704,0.58,0.2200000000000001,1.0,2,Goodhart benchmark environment,0.006959589771309238,0.0,0.8361815304739233
goodhart_benchmark_environment,imperfect,biology,Biology,self_driving_laboratory,Self-driving laboratory,-0.016795590397826368,-0.021331913563765025,0.12461230497537501,0.5493752886599312,0.58,0.8400000000000001,1.0,3,Goodhart benchmark environment,0.11597918358068074,0.0,0.6076951071560319
goodhart_benchmark_environment,imperfect,biology,Biology,multi_agent_coscientist,Multi-agent co-scientist,-0.01897136232974745,-0.04323155872273883,0.14872543385630105,0.38250805374451674,0.58,0.9000000000000001,1.0,4,Goodhart benchmark environment,0.23711565989512934,1.0,0.4874209020404182
goodhart_benchmark_environment,imperfect,biology,Biology,specialized_foundation_model,Specialized foundation model,-0.021632132891976668,-0.040626405647928694,0.14491365370744783,0.4365962567159931,0.58,0.8200000000000001,1.0,5,Goodhart benchmark environment,0.21330688824444954,1.0,0.5450090264121563
goodhart_benchmark_environment,imperfect,biology,Biology,ai_scientist_pipeline,End-to-end AI scientist pipeline,-0.04553458753167807,-0.1259175401799588,0.19311492148029846,0.3256561520803826,0.58,0.5999999999999999,1.0,6,Goodhart benchmark environment,0.3071667921107756,1.6,0.38008882199068
goodhart_benchmark_environment,imperfect,biology,Biology,llm_research_assistant,Human-led LLM assistant,-0.05468730167255096,-0.17534443474761938,0.1902063683406021,0.3478076872740968,0.58,0.7799999999999999,1.0,7,Goodhart benchmark environment,0.35919040273897196,1.0,0.457781851383832
goodhart_benchmark_environment,imperfect,chemistry,Chemistry,hybrid_calibrated_loop,Hybrid-Cal loop,0.0455889353482748,0.08662816806226425,0.0993869689616723,0.537917804681354,0.66,0.8400000000000001,1.0,1,Goodhart benchmark environment,0.059388639398066975,0.6,0.7211718109974228
goodhart_benchmark_environment,imperfect,chemistry,Chemistry,algorithmic_math_agent,Algorithmic and mathematical discovery agent,0.021310839520933676,0.08080196280599648,0.06274373014007355,0.6165565276061249,0.66,0.25,1.0,2,Goodhart benchmark environment,0.00045525955859778637,0.0,0.9731100960536121
goodhart_benchmark_environment,imperfect,chemistry,Chemistry,multi_agent_coscientist,Multi-agent co-scientist,0.0018767669313217521,0.005393705369757153,0.1474980320123267,0.3989115557232117,0.66,0.7200000000000001,1.0,3,Goodhart benchmark environment,0.2048638173312566,1.0,0.4889761003571477
goodhart_benchmark_environment,imperfect,chemistry,Chemistry,specialized_foundation_model,Specialized foundation model,-0.008514367867359976,-0.015262609820647588,0.1456077755250614,0.45324604242597333,0.66,0.7400000000000001,1.0,4,Goodhart benchmark environment,0.1864410157549669,1.0,0.5463253443239339
goodhart_benchmark_environment,imperfect,chemistry,Chemistry,self_driving_laboratory,Self-driving laboratory,-0.009468178428139106,-0.010930207553025708,0.12577921809354498,0.565638214279005,0.66,0.9399999999999997,1.0,5,Goodhart benchmark environment,0.08616523320701511,0.5,0.6091700713864544
goodhart_benchmark_environment,imperfect,chemistry,Chemistry,ai_scientist_pipeline,End-to-end AI scientist pipeline,-0.026166957525003025,-0.07065857247244635,0.1895184480125845,0.3418274501566536,0.66,0.5,1.0,6,Goodhart benchmark environment,0.27270649297506194,1.1,0.3801036839928908
goodhart_benchmark_environment,imperfect,chemistry,Chemistry,llm_research_assistant,Human-led LLM assistant,-0.03237972523344816,-0.10193841868280207,0.18826573246468917,0.36432820593397564,0.66,0.6199999999999999,1.0,7,Goodhart benchmark environment,0.32615669257776114,1.6,0.45928787746886285
goodhart_benchmark_environment,imperfect,machine_learning,Machine learning,algorithmic_math_agent,Algorithmic and mathematical discovery agent,0.08476094565263623,0.3239841796150379,0.05057188315867517,0.6500593148168197,0.8200000000000001,0.7799999999999999,1.0,1,Goodhart benchmark environment,0.0,0.0,1.0
goodhart_benchmark_environment,imperfect,machine_learning,Machine learning,hybrid_calibrated_loop,Hybrid-Cal loop,0.07051438160332808,0.1892313157756363,0.07665110998659547,0.5709712682293129,0.8200000000000001,0.8200000000000001,1.0,2,Goodhart benchmark environment,0.004536001395792605,0.0,0.895398829773478
goodhart_benchmark_environment,imperfect,machine_learning,Machine learning,multi_agent_coscientist,Multi-agent co-scientist,0.018359980773817376,0.05268995004451118,0.1452316526500484,0.4314148270219926,0.8200000000000001,0.66,1.0,3,Goodhart benchmark environment,0.13363327461367056,0.2,0.4915109903170064
goodhart_benchmark_environment,imperfect,machine_learning,Machine learning,specialized_foundation_model,Specialized foundation model,0.0019194472720532134,0.005027710563768024,0.1457012299754678,0.48581684338746234,0.8200000000000001,0.6199999999999999,1.0,4,Goodhart benchmark environment,0.12319887086085635,0.0,0.5495920773564744
goodhart_benchmark_environment,imperfect,machine_learning,Machine learning,self_driving_laboratory,Self-driving laboratory,-0.00018812027437508763,-0.00010272027265774701,0.12686357663847198,0.598629301933321,0.8200000000000001,0.20000000000000004,1.0,5,Goodhart benchmark environment,0.019252048138140205,0.0,0.6217822504524836
goodhart_benchmark_environment,imperfect,machine_learning,Machine learning,ai_scientist_pipeline,End-to-end AI scientist pipeline,-0.0180201425394012,-0.05399011250881519,0.18109896914873796,0.3744311972608315,0.8200000000000001,0.8599999999999998,1.0,6,Goodhart benchmark environment,0.19458890865066766,1.0,0.3801535806279942
goodhart_benchmark_environment,imperfect,machine_learning,Machine learning,llm_research_assistant,Human-led LLM assistant,-0.021348968238906772,-0.0754128852349507,0.18380067635188677,0.39701171623397363,0.8200000000000001,0.7200000000000001,1.0,7,Goodhart benchmark environment,0.25118690835020235,1.0,0.4619898468327177
goodhart_benchmark_environment,imperfect,materials,Materials,hybrid_calibrated_loop,Hybrid-Cal loop,0.05436393417185664,0.11288258212601829,0.10057014227216401,0.5431614759282707,0.7200000000000001,0.8599999999999998,1.0,1,Goodhart benchmark environment,0.04594891324403376,0.3,0.7214335373558076
goodhart_benchmark_environment,imperfect,materials,Materials,algorithmic_math_agent,Algorithmic and mathematical discovery agent,0.033450981551105194,0.12687424851048673,0.05693670554511491,0.622542009413528,0.7200000000000001,0.3399999999999999,1.0,2,Goodhart benchmark environment,2.7693131078593628e-05,0.0,0.9974689175419021
goodhart_benchmark_environment,imperfect,materials,Materials,multi_agent_coscientist,Multi-agent co-scientist,0.009245667328707165,0.023588557828819554,0.1469926965705906,0.40424400314227305,0.7200000000000001,0.7200000000000001,1.0,3,Goodhart benchmark environment,0.18970543039633306,1.0,0.48932645966866994
goodhart_benchmark_environment,imperfect,materials,Materials,specialized_foundation_model,Specialized foundation model,-0.004398326344870945,-0.008200020488278432,0.14569305074353295,0.4584198643496066,0.7200000000000001,0.8800000000000004,1.0,4,Goodhart benchmark environment,0.17272472647268003,1.0,0.5466116857053639
goodhart_benchmark_environment,imperfect,materials,Materials,self_driving_laboratory,Self-driving laboratory,-0.00538243042880141,-0.006954313735839474,0.12640981226737705,0.5710174915972315,0.7200000000000001,0.9200000000000002,1.0,5,Goodhart benchmark environment,0.07161700514222044,0.8,0.6093257066067059
goodhart_benchmark_environment,imperfect,materials,Materials,ai_scientist_pipeline,End-to-end AI scientist pipeline,-0.02344963176025412,-0.06540739351812522,0.18771625420488106,0.34716479708718684,0.7200000000000001,0.5600000000000003,1.0,6,Goodhart benchmark environment,0.2564868196819666,1.0,0.38012939355181263
goodhart_benchmark_environment,imperfect,materials,Materials,llm_research_assistant,Human-led LLM assistant,-0.026652554436011538,-0.08675374597523644,0.187399411815096,0.3695452563201207,0.7200000000000001,0.5999999999999999,1.0,7,Goodhart benchmark environment,0.3104036959822471,1.5,0.4594520250217203
goodhart_benchmark_environment,imperfect,mathematics_algorithms,Mathematics and algorithms,algorithmic_math_agent,Algorithmic and mathematical discovery agent,0.17906895681626384,0.6879849840394897,0.03916985744820617,0.7159043365793012,0.9499999999999996,0.9600000000000005,1.0,1,Goodhart benchmark environment,0.0,0.0,1.0
goodhart_benchmark_environment,imperfect,mathematics_algorithms,Mathematics and algorithms,hybrid_calibrated_loop,Hybrid-Cal loop,0.14330790050612824,0.4738610320472693,0.047882788165206955,0.6362153806918369,0.9499999999999996,0.8200000000000001,1.0,2,Goodhart benchmark environment,0.0,0.0,1.0
goodhart_benchmark_environment,imperfect,mathematics_algorithms,Mathematics and algorithms,multi_agent_coscientist,Multi-agent co-scientist,0.06298118612234317,0.19990233927917084,0.14167043674650462,0.4967707293461038,0.9499999999999996,0.5499999999999999,1.0,3,Goodhart benchmark environment,0.025538145048393968,0.1,0.5010153844270506
goodhart_benchmark_environment,imperfect,mathematics_algorithms,Mathematics and algorithms,ai_scientist_pipeline,End-to-end AI scientist pipeline,0.04961723897771457,0.17174166092711265,0.16893795750269944,0.43966785918977597,0.9499999999999996,0.6999999999999998,1.0,4,Goodhart benchmark environment,0.07686953824212958,1.0,0.3805983638930111
goodhart_benchmark_environment,imperfect,mathematics_algorithms,Mathematics and algorithms,llm_research_assistant,Human-led LLM assistant,0.02386806743119107,0.09312528051095989,0.1776966242007973,0.46197195067936947,0.9499999999999996,0.5999999999999999,1.0,5,Goodhart benchmark environment,0.13830853382659242,0.2,0.4679381197043783
goodhart_benchmark_environment,imperfect,mathematics_algorithms,Mathematics and algorithms,specialized_foundation_model,Specialized foundation model,0.023540747903787865,0.06700653060797093,0.1465968708195428,0.5516206495484176,0.9499999999999996,0.42000000000000004,1.0,6,Goodhart benchmark environment,0.02800222642124058,0.0,0.5554451074488211
goodhart_benchmark_environment,imperfect,mathematics_algorithms,Mathematics and algorithms,self_driving_laboratory,Self-driving laboratory,0.003477746795021314,0.015450252029842054,0.053071858172002676,0.6645064485534183,0.9499999999999996,0.05000000000000001,1.0,7,Goodhart benchmark environment,0.0,0.0,1.0
goodhart_benchmark_environment,imperfect,open_ended_problem_formulation,Open-ended problem formulation,algorithmic_math_agent,Algorithmic and mathematical discovery agent,-0.012662511938472574,-0.04778061207890645,0.10709692521510268,0.5339174051109361,0.25,0.3499999999999999,0.0,,Goodhart benchmark environment,0.08613863160891774,0.2,0.6677539141752187
goodhart_benchmark_environment,imperfect,open_ended_problem_formulation,Open-ended problem formulation,self_driving_laboratory,Self-driving laboratory,-0.01474627914882944,-0.026312471928718772,0.12050985635542284,0.4832660198247062,0.25,0.29999999999999993,0.0,,Goodhart benchmark environment,0.1964104115353295,1.0,0.6020933590731474
goodhart_benchmark_environment,imperfect,open_ended_problem_formulation,Open-ended problem formulation,hybrid_calibrated_loop,Hybrid-Cal loop,-0.019043646323979292,-0.044017019534829706,0.08962753944405513,0.4554338826931351,0.25,0.5999999999999999,0.0,,Goodhart benchmark environment,0.17094223514974433,1.0,0.7134984541069493
goodhart_benchmark_environment,imperfect,open_ended_problem_formulation,Open-ended problem formulation,specialized_foundation_model,Specialized foundation model,-0.029867689335988233,-0.06485641272598895,0.13693470337715785,0.3707325002535479,0.25,0.45000000000000007,0.0,,Goodhart benchmark environment,0.26777349517429555,0.4,0.5386962651419027
goodhart_benchmark_environment,imperfect,open_ended_problem_formulation,Open-ended problem formulation,multi_agent_coscientist,Multi-agent co-scientist,-0.057616088801002344,-0.1494183810533422,0.1519828591697542,0.31702429641797797,0.25,0.66,0.0,,Goodhart benchmark environment,0.32180715705188445,1.4,0.48186514405192843
goodhart_benchmark_environment,imperfect,open_ended_problem_formulation,Open-ended problem formulation,ai_scientist_pipeline,End-to-end AI scientist pipeline,-0.07961719949221308,-0.23809921824872077,0.20113376403216043,0.2603126469243449,0.25,0.58,0.0,,Goodhart benchmark environment,0.3924413062852018,1.7,0.3800395666742504
goodhart_benchmark_environment,imperfect,open_ended_problem_formulation,Open-ended problem formulation,llm_research_assistant,Human-led LLM assistant,-0.08263196834939124,-0.2840731748802529,0.19058923455335805,0.2824236631903407,0.25,0.7200000000000001,0.0,,Goodhart benchmark environment,0.42934792365143154,1.3,0.4520270996633268
no_calibration,none,biology,Biology,hybrid_calibrated_loop,Hybrid-Cal loop,0.06583598030047459,0.12945453210376073,0.0482216820831811,0.6827644561054818,0.58,0.8599999999999998,1.0,1,No calibration,0.0,0.0,1.0
no_calibration,none,biology,Biology,algorithmic_math_agent,Algorithmic and mathematical discovery agent,0.019064061884225807,0.07210588155066343,0.045788852655607185,0.76950634027837,0.58,0.2200000000000001,1.0,2,No calibration,0.0,0.0,1.0
no_calibration,none,biology,Biology,self_driving_laboratory,Self-driving laboratory,0.017007888016063753,0.022414419860249186,0.05827003797898713,0.7140938301160418,0.58,0.8400000000000001,1.0,3,No calibration,7.236686328519933e-06,0.0,0.9984375
no_calibration,none,biology,Biology,specialized_foundation_model,Specialized foundation model,-0.045389513793457056,-0.08564593279895186,0.2299312903948058,0.5888131790282889,0.58,0.8200000000000001,1.0,4,No calibration,0.032371175992244774,0.0,0.0
no_calibration,none,biology,Biology,multi_agent_coscientist,Multi-agent co-scientist,-0.08415532810593189,-0.194960156065359,0.29635435518119413,0.5301202053281768,0.58,0.9000000000000001,1.0,5,No calibration,0.1341222300130825,1.2,0.0
no_calibration,none,biology,Biology,ai_scientist_pipeline,End-to-end AI scientist pipeline,-0.0902994721862047,-0.2498306087915032,0.3355339513754951,0.468381786001976,0.58,0.5999999999999999,1.0,6,No calibration,0.2072218333285373,2.0,0.0
no_calibration,none,biology,Biology,llm_research_assistant,Human-led LLM assistant,-0.09265203343128872,-0.2982239028506438,0.3029059631657143,0.4914408648405456,0.58,0.7799999999999999,1.0,7,No calibration,0.1605131227941216,1.0,0.0
no_calibration,none,chemistry,Chemistry,hybrid_calibrated_loop,Hybrid-Cal loop,0.0862025853210682,0.16296823012406958,0.048012799419048215,0.7013464677028411,0.66,0.8400000000000001,1.0,1,No calibration,0.0,0.0,1.0
no_calibration,none,chemistry,Chemistry,self_driving_laboratory,Self-driving laboratory,0.030722895902660398,0.03775151627868885,0.057577339074464516,0.7321251456104032,0.66,0.9399999999999997,1.0,2,No calibration,0.0,0.0,1.0
no_calibration,none,chemistry,Chemistry,algorithmic_math_agent,Algorithmic and mathematical discovery agent,0.028803036366242984,0.10873691158798526,0.04257383499559193,0.7879216971783943,0.66,0.25,1.0,3,No calibration,0.0,0.0,1.0
no_calibration,none,chemistry,Chemistry,specialized_foundation_model,Specialized foundation model,-0.027836094955385415,-0.0507505038598392,0.2296503698455552,0.6069702081529684,0.66,0.7400000000000001,1.0,4,No calibration,0.017660337168346137,0.1,0.0
no_calibration,none,chemistry,Chemistry,multi_agent_coscientist,Multi-agent co-scientist,-0.04100010014575188,-0.09174611461485851,0.2793587323285527,0.5484259114860631,0.66,0.7200000000000001,1.0,5,No calibration,0.10118829407229804,1.0,0.0
no_calibration,none,chemistry,Chemistry,ai_scientist_pipeline,End-to-end AI scientist pipeline,-0.057028448147067146,-0.15438955135488308,0.3168797419839685,0.48656798527688555,0.66,0.5,1.0,6,No calibration,0.17164285548550764,2.0,0.0
no_calibration,none,chemistry,Chemistry,llm_research_assistant,Human-led LLM assistant,-0.061766371175261806,-0.19556850373122797,0.30241690843488506,0.5100289415924951,0.66,0.6199999999999999,1.0,7,No calibration,0.1436253163847668,1.0,0.0
no_calibration,none,machine_learning,Machine learning,algorithmic_math_agent,Algorithmic and mathematical discovery agent,0.10773129931528462,0.41146567165783815,0.03466203508817652,0.8250421986580119,0.8200000000000001,0.7799999999999999,1.0,1,No calibration,0.0,0.0,1.0
no_calibration,none,machine_learning,Machine learning,hybrid_calibrated_loop,Hybrid-Cal loop,0.10193296224565004,0.2697963385045986,0.04483868896306416,0.7376882733310262,0.8200000000000001,0.8200000000000001,1.0,2,No calibration,0.0,0.0,1.0
no_calibration,none,machine_learning,Machine learning,specialized_foundation_model,Specialized foundation model,0.038664141345643846,0.09292726370767931,0.07248704580267684,0.6440055254429644,0.8200000000000001,0.6199999999999999,1.0,3,No calibration,0.00021199695324297915,0.0,0.95
no_calibration,none,machine_learning,Machine learning,self_driving_laboratory,Self-driving laboratory,0.009091652814659245,0.02162214417312583,0.05160088216078455,0.7690805452509426,0.8200000000000001,0.20000000000000004,1.0,4,No calibration,0.0,0.0,1.0
no_calibration,none,machine_learning,Machine learning,multi_agent_coscientist,Multi-agent co-scientist,-0.002462798656932237,-0.004296485303620356,0.24087118921269854,0.5850886800922501,0.8200000000000001,0.66,1.0,5,No calibration,0.028436128950342227,0.1,0.00234375
no_calibration,none,machine_learning,Machine learning,ai_scientist_pipeline,End-to-end AI scientist pipeline,-0.04754429593740758,-0.14484112692185538,0.2751519183661419,0.5231106116589869,0.8200000000000001,0.8599999999999998,1.0,6,No calibration,0.09227082028555994,1.0,0.0
no_calibration,none,machine_learning,Machine learning,llm_research_assistant,Human-led LLM assistant,-0.05469187484555582,-0.19557145246424773,0.3008557130092801,0.5463510612004139,0.8200000000000001,0.7200000000000001,1.0,7,No calibration,0.10593265816006123,1.1,0.0
no_calibration,none,materials,Materials,hybrid_calibrated_loop,Hybrid-Cal loop,0.09783522363764288,0.2022688351269768,0.04783335964837243,0.7072910362811085,0.7200000000000001,0.8599999999999998,1.0,1,No calibration,0.0,0.0,1.0
no_calibration,none,materials,Materials,algorithmic_math_agent,Algorithmic and mathematical discovery agent,0.0433677947223667,0.1642899393118571,0.040787775735319144,0.7942460740289112,0.7200000000000001,0.3399999999999999,1.0,2,No calibration,0.0,0.0,1.0
no_calibration,none,materials,Materials,self_driving_laboratory,Self-driving laboratory,0.0350450218068376,0.05033376205928199,0.057097443060329725,0.738236372603245,0.7200000000000001,0.9200000000000002,1.0,3,No calibration,0.0,0.0,1.0
no_calibration,none,materials,Materials,specialized_foundation_model,Specialized foundation model,-0.024827289791699403,-0.048563417573458154,0.22616251520337732,0.6131639063131489,0.7200000000000001,0.8800000000000004,1.0,4,No calibration,0.010042173666365412,0.4,0.01640625
no_calibration,none,materials,Materials,multi_agent_coscientist,Multi-agent co-scientist,-0.02926969863302024,-0.06858074938094767,0.2712447819336263,0.5544172300484326,0.7200000000000001,0.7200000000000001,1.0,5,No calibration,0.08590938091870183,1.0,0.0
no_calibration,none,materials,Materials,llm_research_assistant,Human-led LLM assistant,-0.05480240615170491,-0.1797024050445161,0.30214131199471694,0.5160026700845873,0.7200000000000001,0.5999999999999999,1.0,6,No calibration,0.1357962454688953,1.0,0.0
no_calibration,none,materials,Materials,ai_scientist_pipeline,End-to-end AI scientist pipeline,-0.0548750675785909,-0.15402134425644318,0.3083245605277842,0.49253153700951186,0.7200000000000001,0.5600000000000003,1.0,7,No calibration,0.15539962978230987,1.5,0.0
no_calibration,none,mathematics_algorithms,Mathematics and algorithms,algorithmic_math_agent,Algorithmic and mathematical discovery agent,0.21712262221920836,0.8338157761305192,0.022672771206438697,0.8989847493283415,0.9499999999999996,0.9600000000000005,1.0,1,No calibration,0.0,0.0,1.0
no_calibration,none,mathematics_algorithms,Mathematics and algorithms,hybrid_calibrated_loop,Hybrid-Cal loop,0.1753886981481663,0.5796022125565121,0.03196744267917199,0.8112558521271607,0.9499999999999996,0.8200000000000001,1.0,2,No calibration,0.0,0.0,1.0
no_calibration,none,mathematics_algorithms,Mathematics and algorithms,ai_scientist_pipeline,End-to-end AI scientist pipeline,0.12416053130299061,0.42851174905430217,0.07300048357250047,0.5956309470126282,0.9499999999999996,0.6999999999999998,1.0,3,No calibration,0.0004093647693520695,0.0,0.9234375
no_calibration,none,mathematics_algorithms,Mathematics and algorithms,multi_agent_coscientist,Multi-agent co-scientist,0.11536202589714066,0.3645426288659071,0.05145568416680681,0.6577760987805661,0.9499999999999996,0.5499999999999999,1.0,4,No calibration,0.0,0.0,1.0
no_calibration,none,mathematics_algorithms,Mathematics and algorithms,specialized_foundation_model,Specialized foundation model,0.05482627232817522,0.15546451197839373,0.057493671897322754,0.7173449540512018,0.9499999999999996,0.42000000000000004,1.0,5,No calibration,0.0,0.0,1.0
no_calibration,none,mathematics_algorithms,Mathematics and algorithms,llm_research_assistant,Human-led LLM assistant,0.00659840713046711,0.02744896320912919,0.2810326071268033,0.6192669306204314,0.9499999999999996,0.5999999999999999,1.0,6,No calibration,0.03033796356049872,0.1,0.00078125
no_calibration,none,mathematics_algorithms,Mathematics and algorithms,self_driving_laboratory,Self-driving laboratory,0.004617992207107624,0.020471517194393517,0.03670549265525475,0.8422660557992254,0.9499999999999996,0.05000000000000001,1.0,7,No calibration,0.0,0.0,1.0
no_calibration,none,open_ended_problem_formulation,Open-ended problem formulation,algorithmic_math_agent,Algorithmic and mathematical discovery agent,-0.0005086736424631409,-0.0018310980350529787,0.050137780549076104,0.6950343002884787,0.25,0.3499999999999999,0.0,,No calibration,0.0,0.0,1.0
no_calibration,none,open_ended_problem_formulation,Open-ended problem formulation,hybrid_calibrated_loop,Hybrid-Cal loop,-0.00406537921725634,-0.009303288966382904,0.05418966556460838,0.6087431517999308,0.25,0.5999999999999999,0.0,,No calibration,0.0001607735185358671,0.0,0.9640625
no_calibration,none,open_ended_problem_formulation,Open-ended problem formulation,self_driving_laboratory,Self-driving laboratory,-0.025204180562680277,-0.04505623163259638,0.20940994224313741,0.640194337446449,0.25,0.29999999999999993,0.0,,No calibration,0.016594812085564542,0.0,0.0
no_calibration,none,open_ended_problem_formulation,Open-ended problem formulation,specialized_foundation_model,Specialized foundation model,-0.049139267503402556,-0.1067121659160657,0.2336023385275628,0.5146564235345494,0.25,0.45000000000000007,0.0,,No calibration,0.08012734511174982,1.0,0.0
no_calibration,none,open_ended_problem_formulation,Open-ended problem formulation,multi_agent_coscientist,Multi-agent co-scientist,-0.12175719658803738,-0.3167187581641236,0.3281585182910831,0.45689718957966985,0.25,0.66,0.0,,No calibration,0.21017154968481844,2.0,0.0
no_calibration,none,open_ended_problem_formulation,Open-ended problem formulation,llm_research_assistant,Human-led LLM assistant,-0.12400248864178795,-0.42640980645510435,0.3061619417990401,0.41842290333496174,0.25,0.7200000000000001,0.0,,No calibration,0.2080608962056699,1.8,0.0
no_calibration,none,open_ended_problem_formulation,Open-ended problem formulation,ai_scientist_pipeline,End-to-end AI scientist pipeline,-0.141285283792766,-0.4221451414852422,0.381142099410523,0.39530649136050167,0.25,0.58,0.0,,No calibration,0.2973065497612252,2.3,0.0
perfect_calibration,perfect,biology,Biology,hybrid_calibrated_loop,Hybrid-Cal loop,0.10930797414126688,0.21461951315985628,0.0006241643983301185,0.7598204964849475,0.58,0.8599999999999998,1.0,1,Perfect calibration,0.0,0.0,1.0
perfect_calibration,perfect,biology,Biology,multi_agent_coscientist,Multi-agent co-scientist,0.09572170433644255,0.22545473303921124,0.042504327943832396,0.6010478293524539,0.58,0.9000000000000001,1.0,2,Perfect calibration,0.0,0.0,1.0
perfect_calibration,perfect,biology,Biology,specialized_foundation_model,Specialized foundation model,0.06735639448123394,0.12776671510219995,0.01556043960518951,0.6622955680985955,0.58,0.8200000000000001,1.0,3,Perfect calibration,0.0,0.0,1.0
perfect_calibration,perfect,biology,Biology,llm_research_assistant,Human-led LLM assistant,0.058333741641680224,0.18875572796982557,0.03620829543826848,0.5608515055648284,0.58,0.7799999999999999,1.0,4,Perfect calibration,0.0,0.0,1.0
perfect_calibration,perfect,biology,Biology,ai_scientist_pipeline,End-to-end AI scientist pipeline,0.054390024390167914,0.15304548460714623,0.044627332493214975,0.5366138422863383,0.58,0.5999999999999999,1.0,5,Perfect calibration,0.08305338567778114,0.0,1.0
perfect_calibration,perfect,biology,Biology,self_driving_laboratory,Self-driving laboratory,0.04769882466882156,0.06231339541965687,0.00941926421875765,0.7919524807080107,0.58,0.8400000000000001,1.0,6,Perfect calibration,0.0,0.0,1.0
perfect_calibration,perfect,biology,Biology,algorithmic_math_agent,Algorithmic and mathematical discovery agent,0.030162541592182533,0.11386638573841115,0.0009864113196894216,0.850425287664543,0.58,0.2200000000000001,1.0,7,Perfect calibration,0.0,0.0,1.0
perfect_calibration,perfect,chemistry,Chemistry,hybrid_calibrated_loop,Hybrid-Cal loop,0.1339490709180852,0.2529816054720383,0.0004996737176257252,0.7790216102418934,0.66,0.8400000000000001,1.0,1,Perfect calibration,0.0,0.0,1.0
perfect_calibration,perfect,chemistry,Chemistry,multi_agent_coscientist,Multi-agent co-scientist,0.10207996886618027,0.23457010117870705,0.04219803102661997,0.6201381224655462,0.66,0.7200000000000001,1.0,2,Perfect calibration,0.0,0.0,1.0
perfect_calibration,perfect,chemistry,Chemistry,specialized_foundation_model,Specialized foundation model,0.07836070075593538,0.14398730696309875,0.015226838862185666,0.6813152148540299,0.66,0.7400000000000001,1.0,3,Perfect calibration,0.0,0.0,1.0
perfect_calibration,perfect,chemistry,Chemistry,self_driving_laboratory,Self-driving laboratory,0.06826228175801097,0.08344064113420736,0.009290872240185032,0.8112228865006642,0.66,0.9399999999999997,1.0,4,Perfect calibration,0.0,0.0,1.0
perfect_calibration,perfect,chemistry,Chemistry,llm_research_assistant,Human-led LLM assistant,0.06302918179687146,0.20072497610468912,0.03599515670189536,0.5800452241298388,0.66,0.6199999999999999,1.0,5,Perfect calibration,0.0,0.0,1.0
perfect_calibration,perfect,chemistry,Chemistry,ai_scientist_pipeline,End-to-end AI scientist pipeline,0.06041927786067271,0.16705973154082243,0.04929286090497956,0.5557686790360677,0.66,0.5,1.0,6,Perfect calibration,0.06538697642433702,0.0,1.0
perfect_calibration,perfect,chemistry,Chemistry,algorithmic_math_agent,Algorithmic and mathematical discovery agent,0.04275049478966485,0.16113235061752174,0.00089111256051229,0.8696544934551028,0.66,0.25,1.0,7,Perfect calibration,0.0,0.0,1.0
perfect_calibration,perfect,machine_learning,Machine learning,algorithmic_math_agent,Algorithmic and mathematical discovery agent,0.15083496597920626,0.575348980134884,0.0007477493556761889,0.9078523298879595,0.8200000000000001,0.7799999999999999,1.0,1,Perfect calibration,0.0,0.0,1.0
perfect_calibration,perfect,machine_learning,Machine learning,hybrid_calibrated_loop,Hybrid-Cal loop,0.14986762388783634,0.395991600243297,0.0004437221066407645,0.8171810083660771,0.8200000000000001,0.8200000000000001,1.0,2,Perfect calibration,0.0,0.0,1.0
perfect_calibration,perfect,machine_learning,Machine learning,ai_scientist_pipeline,End-to-end AI scientist pipeline,0.12461005862035139,0.3945257598772705,0.0595402731006473,0.5938354746077147,0.8200000000000001,0.8599999999999998,1.0,3,Perfect calibration,0.0234484327176574,0.0,1.0
perfect_calibration,perfect,machine_learning,Machine learning,multi_agent_coscientist,Multi-agent co-scientist,0.11353132981044829,0.3186660489154481,0.041718201885634895,0.6579184718758391,0.8200000000000001,0.66,1.0,4,Perfect calibration,0.0,0.0,1.0
perfect_calibration,perfect,machine_learning,Machine learning,llm_research_assistant,Human-led LLM assistant,0.09123455480225118,0.32853787128521506,0.035556871606713884,0.6180466865045664,0.8200000000000001,0.7200000000000001,1.0,5,Perfect calibration,0.0,0.0,1.0
perfect_calibration,perfect,machine_learning,Machine learning,specialized_foundation_model,Specialized foundation model,0.07735242993804495,0.18561377397060022,0.014811151433534292,0.7194460123816999,0.8200000000000001,0.6199999999999999,1.0,6,Perfect calibration,0.0,0.0,1.0
perfect_calibration,perfect,machine_learning,Machine learning,self_driving_laboratory,Self-driving laboratory,0.016966120979795628,0.04005274838698968,0.008906046962991503,0.8493993353017826,0.8200000000000001,0.20000000000000004,1.0,7,Perfect calibration,0.0,0.0,1.0
perfect_calibration,perfect,materials,Materials,hybrid_calibrated_loop,Hybrid-Cal loop,0.14884904358090273,0.3074371859312669,0.0005547776425315134,0.785154961246314,0.7200000000000001,0.8599999999999998,1.0,1,Perfect calibration,0.0,0.0,1.0
perfect_calibration,perfect,materials,Materials,multi_agent_coscientist,Multi-agent co-scientist,0.11297900488826558,0.27453035395371783,0.04228753178050715,0.6265918450360694,0.7200000000000001,0.7200000000000001,1.0,2,Perfect calibration,0.0,0.0,1.0
perfect_calibration,perfect,materials,Materials,specialized_foundation_model,Specialized foundation model,0.1021006381356336,0.20179359748012407,0.015176294791372233,0.6874661141986051,0.7200000000000001,0.8800000000000004,1.0,3,Perfect calibration,0.0,0.0,1.0
perfect_calibration,perfect,materials,Materials,ai_scientist_pipeline,End-to-end AI scientist pipeline,0.07489577946038384,0.21526519786469978,0.051408788643290224,0.56212147011409,0.7200000000000001,0.5600000000000003,1.0,4,Perfect calibration,0.05774751477959607,0.0,1.0
perfect_calibration,perfect,materials,Materials,self_driving_laboratory,Self-driving laboratory,0.07305064447805501,0.10439270622091856,0.009123203975735471,0.8177550943935863,0.7200000000000001,0.9200000000000002,1.0,5,Perfect calibration,0.0,0.0,1.0
perfect_calibration,perfect,materials,Materials,llm_research_assistant,Human-led LLM assistant,0.06794464926538749,0.22414560729801067,0.0360358418426647,0.5860714252493369,0.7200000000000001,0.5999999999999999,1.0,6,Perfect calibration,0.0,0.0,1.0
perfect_calibration,perfect,materials,Materials,algorithmic_math_agent,Algorithmic and mathematical discovery agent,0.06299618961483419,0.23829544701502314,0.0008184590172783248,0.8758499779815633,0.7200000000000001,0.3399999999999999,1.0,7,Perfect calibration,0.0,0.0,1.0
perfect_calibration,perfect,mathematics_algorithms,Mathematics and algorithms,algorithmic_math_agent,Algorithmic and mathematical discovery agent,0.28114606867354147,1.0788310979480944,0.0004226323607140675,0.9838416221973928,0.9499999999999996,0.9600000000000005,1.0,1,Perfect calibration,0.0,0.0,1.0
perfect_calibration,perfect,mathematics_algorithms,Mathematics and algorithms,hybrid_calibrated_loop,Hybrid-Cal loop,0.2314519207676174,0.7639619939216243,0.0002554259625855128,0.8933900013146617,0.9499999999999996,0.8200000000000001,1.0,2,Perfect calibration,0.0,0.0,1.0
perfect_calibration,perfect,mathematics_algorithms,Mathematics and algorithms,ai_scientist_pipeline,End-to-end AI scientist pipeline,0.1871676009461096,0.6392240152743336,0.05181766814731491,0.6695663416608375,0.9499999999999996,0.6999999999999998,1.0,3,Perfect calibration,0.0,0.0,1.0
perfect_calibration,perfect,mathematics_algorithms,Mathematics and algorithms,multi_agent_coscientist,Multi-agent co-scientist,0.16053594347691555,0.5066147296118422,0.0400897865829354,0.7340286251870067,0.9499999999999996,0.5499999999999999,1.0,4,Perfect calibration,0.0,0.0,1.0
perfect_calibration,perfect,mathematics_algorithms,Mathematics and algorithms,llm_research_assistant,Human-led LLM assistant,0.13349840812217786,0.5142021146473362,0.034631002618099864,0.6941256658865693,0.9499999999999996,0.5999999999999999,1.0,5,Perfect calibration,0.0,0.0,1.0
perfect_calibration,perfect,mathematics_algorithms,Mathematics and algorithms,specialized_foundation_model,Specialized foundation model,0.08474794696817997,0.24005607649283692,0.013675435803977926,0.7956340836392464,0.9499999999999996,0.42000000000000004,1.0,6,Perfect calibration,0.0,0.0,1.0
perfect_calibration,perfect,mathematics_algorithms,Mathematics and algorithms,self_driving_laboratory,Self-driving laboratory,0.0067562470978488175,0.029859757748780098,0.008275534639708919,0.9256372309329286,0.9499999999999996,0.05000000000000001,1.0,7,Perfect calibration,0.0,0.0,1.0
perfect_calibration,perfect,open_ended_problem_formulation,Open-ended problem formulation,hybrid_calibrated_loop,Hybrid-Cal loop,0.01535096859316647,0.03581025830276607,0.0008977484947994936,0.682997133646985,0.25,0.5999999999999999,0.0,,Perfect calibration,0.0,0.0,1.0
perfect_calibration,perfect,open_ended_problem_formulation,Open-ended problem formulation,algorithmic_math_agent,Algorithmic and mathematical discovery agent,0.009675934075977999,0.03677270556526655,0.0015293501772158603,0.7730741290610339,0.25,0.3499999999999999,0.0,,Perfect calibration,0.0,0.0,1.0
perfect_calibration,perfect,open_ended_problem_formulation,Open-ended problem formulation,specialized_foundation_model,Specialized foundation model,0.004347662931355235,0.009489628734181977,0.016614195033758113,0.5847843346336423,0.25,0.45000000000000007,0.0,,Perfect calibration,0.0,0.0,1.0
perfect_calibration,perfect,open_ended_problem_formulation,Open-ended problem formulation,self_driving_laboratory,Self-driving laboratory,0.0024064399112971565,0.004350457446037107,0.010061182704084064,0.7151076915329287,0.25,0.29999999999999993,0.0,,Perfect calibration,0.0,0.0,1.0
perfect_calibration,perfect,open_ended_problem_formulation,Open-ended problem formulation,ai_scientist_pipeline,End-to-end AI scientist pipeline,0.001803981533036958,0.005630598587308075,0.03197402325455535,0.4611924715423929,0.25,0.58,0.0,,Perfect calibration,0.1319337143663146,0.0,1.0
perfect_calibration,perfect,open_ended_problem_formulation,Open-ended problem formulation,multi_agent_coscientist,Multi-agent co-scientist,0.0013705843402064136,0.003745818848871765,0.04140878591150689,0.524983119365033,0.25,0.66,0.0,,Perfect calibration,0.007774948987357674,0.0,1.0
perfect_calibration,perfect,open_ended_problem_formulation,Open-ended problem formulation,llm_research_assistant,Human-led LLM assistant,-0.0012982684415753472,-0.0043189706207413855,0.035689166230054574,0.48482342264371425,0.25,0.7200000000000001,0.0,,Perfect calibration,0.0054102537374244655,0.0,1.0
